conta,sum
10027762.0,760.0
10031329.0,84.0
10038488.0,1980.0
10045509.0,1783.04
10045790.0,1426.72
10047824.0,440.0
10048142.0,1180.0
10048566.0,84.0
10048567.0,84.0
10064905.0,84.33
10064906.0,84.33
10071568.0,390.0
10071636.0,1950.0
10071719.0,2080.0
10071757.0,520.0
10072268.0,1260.0
10073040.0,1140.0
10076547.0,400.0
10076839.0,1426.72
10076943.0,891.07
10076961.0,891.07
10087430.0,800.0
10090401.0,84.0
10090403.0,84.0
10094136.0,236.0
10094874.0,84.0
10101910.0,760.0
10102382.0,84.0
10102385.0,84.0
10102736.0,1540.0
10104444.0,84.0
10107235.0,84.33
10107236.0,84.33
10114521.0,84.0
10114523.0,84.0
10114525.0,84.0
10114526.0,84.0
10123716.0,650.0
10123718.0,1820.0
10124284.0,1690.0
10124445.0,370.0
10124917.0,1070.04
10124927.0,713.36
10124931.0,1783.04
10136700.0,1170.4
10138489.0,84.0
10151682.0,190.0
10152277.0,84.0
10156115.0,84.0
10167627.0,760.0
10169083.0,84.33
10170777.0,84.0
10170779.0,84.0
10170780.0,84.0
10171060.0,110.0
10179812.0,84.0
10181715.0,199.505
10181717.0,199.505
10181776.0,199.505
10181782.0,199.505
10181914.0,110.0
10182075.0,130.0
10182104.0,130.0
10182157.0,130.0
10182266.0,130.0
10182343.0,130.0
10183934.0,185.0
10184034.0,185.0
10184362.0,146.29999999999998
10197338.0,84.0
10204219.0,855.0
10205858.0,190.0
10205865.0,110.0
10209727.0,84.0
10209731.0,84.0
10226708.0,126.0
10226709.0,126.0
10226713.0,126.0
10227540.0,185.0
10228237.0,100.0
10228257.0,100.0
10228318.0,100.0
10233003.0,130.0
10233033.0,130.0
10233124.0,130.0
10233136.0,130.0
10233200.0,90.0
10233223.0,130.0
10240648.0,199.55000000000004
10240734.0,84.33
10240735.0,84.33
10240930.0,84.33
10241918.0,146.3
10242304.0,210.0
10247037.0,90.0
10247937.0,199.55
10248022.0,199.55000000000004
10251777.0,84.0
10252342.0,199.54999999999998
10267204.0,190.0
10267335.0,760.0
10268209.0,84.33
10268210.0,84.33
10271713.0,84.0
10271718.0,84.0
10271721.0,84.0
10271724.0,84.0
10271726.0,84.0
10273264.0,110.0
10281158.0,110.0
10285851.0,90.0
10285867.0,199.51666666666665
10285873.0,130.0
10287160.0,130.0
10287230.0,130.0
10287248.0,130.0
10289043.0,146.29999999999998
10289289.0,84.0
10289292.0,84.0
10291254.0,199.505
10294185.0,199.51666666666665
10294247.0,210.0
10294378.0,185.0
10294379.0,130.0
10294771.0,90.0
10296938.0,199.54999999999998
10309817.0,760.0
10312580.0,520.0
10312813.0,84.0
10312816.0,84.0
10312818.0,84.0
10318775.0,150.0
10325710.0,316.6666666666667
10328434.0,110.0
10328456.0,110.0
10328572.0,90.0
10330428.0,84.0
10330431.0,84.0
10330432.0,84.0
10330433.0,84.0
10336441.0,90.0
10340582.0,84.33
10340599.0,84.33
10341699.0,130.0
10342117.0,130.0
10342172.0,130.0
10342519.0,130.0
10342581.0,130.0
10342663.0,199.505
10343009.0,210.0
10343244.0,146.20000000000002
10344203.0,199.6625
10344393.0,80.0
10344946.0,157.31
10346607.0,190.0
10357432.0,84.0
10358243.0,120.0
10359369.0,110.0
10364154.0,150.0
10364879.0,84.0
10364881.0,84.0
10366913.0,199.54999999999998
10372055.0,500.0
10372220.0,855.0
10374981.0,84.0
10376004.0,84.33
10376057.0,252.99
10376171.0,84.33
10389808.0,80.0
10390122.0,90.0
10390240.0,185.0
10391502.0,130.0
10391587.0,130.0
10392116.0,130.0
10392130.0,130.0
10392139.0,130.0
10392340.0,80.0
10392342.0,80.0
10392343.0,80.0
10392652.0,210.0
10393696.0,80.0
10393697.0,80.0
10393698.0,80.0
10395161.0,80.0
10395167.0,80.0
10395226.0,110.0
10395375.0,110.0
10395694.0,80.0
10395696.0,80.0
10396469.0,80.0
10396474.0,80.0
10396475.0,80.0
10396750.0,80.0
10396753.0,80.0
10397251.0,80.0
10397252.0,80.0
10397255.0,120.0
10397381.0,90.0
10397533.0,80.0
10398264.0,80.0
10398265.0,80.0
10398267.0,80.0
10398753.0,84.0
10398756.0,84.0
10398758.0,84.0
10398999.0,80.0
10399000.0,80.0
10400586.0,80.0
10400712.0,80.0
10401587.0,157.31
10401619.0,80.0
10401914.0,80.0
10402285.0,80.0
10402289.0,80.0
10402291.0,80.0
10402745.0,80.0
10402748.0,80.0
10403998.0,80.0
10404008.0,80.0
10404373.0,146.3
10404546.0,202.25
10407093.0,520.0
10407109.0,400.0
10407111.0,80.0
10407112.0,855.0
10407113.0,80.0
10407128.0,80.0
10410720.0,190.0
10410776.0,80.0
10410777.0,80.0
10410780.0,80.0
10412580.0,80.0
10412582.0,80.0
10413830.0,80.0
10413832.0,80.0
10414899.0,5070.0
10414945.0,390.0
10416332.0,80.0
10416334.0,80.0
10416461.0,80.0
10416464.0,80.0
10416468.0,80.0
10418128.0,80.0
10418129.0,80.0
10418130.0,80.0
10418147.0,80.0
10419172.0,150.0
10419350.0,80.0
10419354.0,80.0
10419456.0,199.54999999999998
10420983.0,80.0
10420985.0,80.0
10421018.0,80.0
10421021.0,80.0
10421430.0,80.0
10421437.0,80.0
10421441.0,80.0
10421538.0,80.0
10421541.0,80.0
10422187.0,100.0
10423145.0,80.0
10423146.0,80.0
10423532.0,84.0
10423628.0,130.0
10423707.0,130.0
10423752.0,130.0
10423852.0,130.0
10424051.0,130.0
10424142.0,130.0
10424395.0,80.0
10424419.0,80.0
10424674.0,130.0
10424738.0,80.0
10424741.0,80.0
10425007.0,100.0
10428513.0,80.0
10428514.0,80.0
10428515.0,80.0
10428601.0,80.0
10428622.0,80.0
10429106.0,80.0
10429107.0,80.0
10429248.0,80.0
10429249.0,80.0
10429251.0,80.0
10430597.0,80.0
10430600.0,80.0
10430603.0,110.0
10432384.0,80.0
10432387.0,80.0
10432390.0,80.0
10433143.0,80.0
10435400.0,80.0
10435401.0,80.0
10435404.0,80.0
10435411.0,80.0
10435420.0,80.0
10435709.0,225.0
10439199.0,80.0
10439200.0,80.0
10439202.0,80.0
10439803.0,80.0
10440250.0,80.0
10440256.0,80.0
10440292.0,120.0
10441237.0,90.38
10441242.0,90.38
10441307.0,90.38
10442813.0,80.0
10442815.0,80.0
10442829.0,80.0
10442903.0,190.0
10443193.0,80.0
10443194.0,80.0
10443198.0,80.0
10443249.0,80.0
10443250.0,80.0
10443737.0,110.0
10443762.0,6.06
10443935.0,80.0
10443943.0,80.0
10444250.0,110.0
10444764.0,80.0
10444770.0,80.0
10445157.0,80.0
10446049.0,84.0
10446050.0,84.0
10446051.0,84.0
10446056.0,84.0
10446066.0,80.0
10446069.0,80.0
10446072.0,80.0
10446324.0,80.0
10446327.0,80.0
10448357.0,80.0
10448361.0,80.0
10448364.0,80.0
10448701.0,80.0
10448702.0,80.0
10448957.0,80.0
10449028.0,80.0
10449031.0,80.0
10449036.0,80.0
10449600.0,80.0
10449808.0,80.0
10451471.0,80.0
10451488.0,80.0
10451490.0,80.0
10452372.0,80.0
10452375.0,80.0
10452760.0,80.0
10452895.0,80.0
10452896.0,80.0
10453123.0,80.0
10453296.0,80.0
10453300.0,80.0
10453471.0,300.0
10453494.0,780.0
10453497.0,520.0
10453525.0,80.0
10453862.0,855.0
10455172.0,80.0
10455576.0,202.25
10455676.0,80.0
10455679.0,80.0
10455711.0,80.0
10456268.0,80.0
10456271.0,80.0
10456403.0,80.0
10456846.0,80.0
10457235.0,80.0
10457239.0,80.0
10457251.0,80.0
10457265.0,80.0
10457400.0,80.0
10457828.0,80.0
10457831.0,80.0
10457882.0,80.0
10458341.0,80.0
10458343.0,80.0
10458828.0,80.0
10458840.0,80.0
10459943.0,80.0
10459994.0,80.0
10460072.0,80.0
10460102.0,80.0
10460107.0,80.0
10460244.0,80.0
10460520.0,80.0
10460618.0,157.31
10460632.0,150.0
10460698.0,80.0
10460703.0,80.0
10460709.0,80.0
10460917.0,80.0
10460918.0,80.0
10461296.0,80.0
10461305.0,80.0
10461701.0,80.0
10461902.0,80.0
10462859.0,80.0
10462861.0,80.0
10463948.0,80.0
10463950.0,80.0
10464583.0,80.0
10464603.0,80.0
10464637.0,80.0
10464737.0,80.0
10464791.0,80.0
10464794.0,80.0
10464801.0,80.0
10466051.0,80.0
10466053.0,80.0
10466056.0,80.0
10466062.0,80.0
10466516.0,80.0
10466535.0,80.0
10466909.0,80.0
10466911.0,80.0
10467689.0,520.0
10467715.0,80.0
10467724.0,80.0
10468004.0,80.0
10468009.0,80.0
10468011.0,80.0
10468057.0,80.0
10468093.0,80.0
10468161.0,80.0
10468164.0,80.0
10468168.0,80.0
10468178.0,199.54999999999998
10468391.0,80.0
10468399.0,80.0
10468674.0,80.0
10468740.0,80.0
10468744.0,80.0
10468745.0,80.0
10468853.0,80.0
10468867.0,80.0
10468871.0,80.0
10468906.0,84.0
10468909.0,84.0
10468912.0,84.0
10468991.0,80.0
10468992.0,80.0
10469737.0,80.0
10469946.0,80.0
10471464.0,80.0
10471472.0,80.0
10471704.0,80.0
10471803.0,80.0
10471821.0,80.0
10471822.0,80.0
10472249.0,80.0
10472250.0,80.0
10472268.0,80.0
10472270.0,80.0
10472271.0,80.0
10472272.0,80.0
10472276.0,80.0
10472277.0,80.0
10472336.0,80.0
10473000.0,80.0
10473094.0,199.54999999999998
10473200.0,80.0
10473202.0,80.0
10473204.0,80.0
10473245.0,199.54999999999998
10473328.0,160.93000000000004
10476534.0,80.0
10476720.0,80.0
10476742.0,80.0
10476745.0,80.0
10476753.0,80.0
10477372.0,80.0
10477914.0,80.0
10477940.0,80.0
10477946.0,80.0
10477947.0,80.0
10477949.0,80.0
10478111.0,80.0
10478420.0,80.0
10479782.0,80.0
10479792.0,80.0
10480222.0,80.0
10480235.0,80.0
10480374.0,80.0
10480408.0,80.0
10480497.0,80.0
10480611.0,90.0
10480633.0,80.0
10481180.0,80.0
10481186.0,80.0
10481679.0,80.0
10481779.0,80.0
10481868.0,80.0
10481871.0,80.0
10483202.0,80.0
10483616.0,80.0
10483772.0,80.0
10483774.0,80.0
10484015.0,230.0
10484063.0,100.0
10484068.0,80.0
10484076.0,80.0
10484086.0,80.0
10484090.0,80.0
10484091.0,80.0
10484178.0,199.54999999999998
10484216.0,130.0
10484245.0,130.0
10484333.0,130.0
10484355.0,130.0
10484370.0,130.0
10484424.0,130.0
10484947.0,80.0
10484951.0,80.0
10484955.0,80.0
10484957.0,80.0
10484959.0,80.0
10484961.0,80.0
10485410.0,80.0
10485516.0,80.0
10485560.0,80.0
10485561.0,80.0
10485597.0,80.0
10485598.0,80.0
10485599.0,80.0
10485645.0,80.0
10485727.0,80.0
10485772.0,80.0
10485802.0,80.0
10485836.0,80.0
10485838.0,80.0
10485847.0,80.0
10485850.0,80.0
10486245.0,80.0
10486262.0,80.0
10486264.0,80.0
10486274.0,80.0
10486555.0,130.0
10486668.0,80.0
10486669.0,80.0
10486671.0,80.0
10486799.0,80.0
10486800.0,80.0
10486808.0,80.0
10487102.0,80.0
10487402.0,80.0
10487409.0,80.0
10487548.0,80.0
10487550.0,80.0
10487590.0,80.0
10487593.0,80.0
10488779.0,80.0
10488781.0,80.0
10488850.0,80.0
10488851.0,80.0
10489229.0,80.0
10489268.0,80.0
10489269.0,80.0
10489279.0,80.0
10489280.0,80.0
10489897.0,120.0
10490095.0,120.0
10490131.0,120.0
10490348.0,80.0
10490350.0,80.0
10490370.0,80.0
10490492.0,80.0
10490547.0,80.0
10490704.0,80.0
10491063.0,80.0
10491278.0,80.0
10491283.0,80.0
10491284.0,80.0
10491550.0,80.0
10491633.0,80.0
10491673.0,80.0
10491727.0,80.0
10491730.0,80.0
10491738.0,80.0
10492427.0,80.0
10492912.0,190.0
10493060.0,80.0
10493062.0,80.0
10493068.0,80.0
10493073.0,80.0
10493075.0,80.0
10493700.0,80.0
10493707.0,80.0
10493709.0,80.0
10493711.0,80.0
10494176.0,80.0
10494458.0,80.0
10494477.0,80.0
10494563.0,80.0
10494565.0,80.0
10494566.0,80.0
10494569.0,80.0
10494571.0,80.0
10494572.0,80.0
10494824.0,80.0
10494825.0,80.0
10494827.0,80.0
10495078.0,80.0
10495089.0,80.0
10495097.0,80.0
10495107.0,80.0
10495728.0,80.0
10498965.0,80.0
10498967.0,80.0
10499165.0,80.0
10499555.0,80.0
10499557.0,80.0
10499598.0,80.0
10499599.0,80.0
10499605.0,80.0
10499607.0,80.0
10499830.0,80.0
10500679.0,202.25
10500743.0,80.0
10500745.0,80.0
10500750.0,80.0
10500758.0,80.0
10500769.0,80.0
10500770.0,80.0
10500771.0,110.0
10501199.0,80.0
10501391.0,110.0
10501560.0,110.0
10501632.0,80.0
10501741.0,80.0
10501742.0,80.0
10501743.0,80.0
10501744.0,80.0
10501745.0,80.0
10501768.0,80.0
10501951.0,80.0
10503460.0,80.0
10503527.0,80.0
10503533.0,80.0
10503580.0,80.0
10503589.0,80.0
10503591.0,80.0
10503632.0,80.0
10503634.0,80.0
10504054.0,225.0
10504055.0,80.0
10504057.0,80.0
10504061.0,80.0
10504063.0,80.0
10504065.0,80.0
10504066.0,80.0
10504214.0,80.0
10504217.0,80.0
10505473.0,600.0
10505597.0,760.0
10505756.0,910.0
10505930.0,780.0
10506167.0,80.0
10506242.0,80.0
10506267.0,80.0
10506281.0,80.0
10506282.0,80.0
10506283.0,80.0
10506443.0,80.0
10506444.0,80.0
10506445.0,80.0
10506516.0,80.0
10506528.0,80.0
10506529.0,80.0
10506544.0,80.0
10506555.0,80.0
10507464.0,80.0
10507476.0,80.0
10507482.0,80.0
10507483.0,80.0
10507485.0,84.0
10507489.0,84.0
10507490.0,84.0
10507494.0,84.0
10507501.0,80.0
10507502.0,80.0
10507504.0,80.0
10507564.0,80.0
10507755.0,80.0
10508020.0,80.0
10508022.0,80.0
10508481.0,80.0
10508483.0,80.0
10510684.0,80.0
10510686.0,80.0
10510687.0,80.0
10510836.0,80.0
10511648.0,80.0
10511752.0,80.0
10511848.0,80.0
10511850.0,80.0
10511984.0,80.0
10511987.0,80.0
10511990.0,80.0
10512001.0,80.0
10512003.0,80.0
10512005.0,80.0
10512020.0,80.0
10512022.0,80.0
10512062.0,80.0
10514175.0,80.0
10514177.0,80.0
10514181.0,80.0
10514268.0,80.0
10514353.0,80.0
10514764.0,80.0
10515501.0,80.0
10515795.0,80.0
10515822.0,80.0
10515853.0,80.0
10516166.0,80.0
10516287.0,80.0
10516429.0,80.0
10516920.0,80.0
10517062.0,80.0
10517067.0,80.0
10517078.0,80.0
10517085.0,80.0
10517122.0,80.0
10517129.0,80.0
10517283.0,80.0
10517460.0,80.0
10517569.0,80.0
10518132.0,80.0
10518133.0,80.0
10518134.0,80.0
10518135.0,80.0
10518136.0,80.0
10518137.0,80.0
10518139.0,80.0
10518140.0,80.0
10518672.0,80.0
10518715.0,80.0
10518718.0,80.0
10518720.0,80.0
10519205.0,80.0
10519206.0,80.0
10519533.0,80.0
10519536.0,110.0
10519547.0,80.0
10519563.0,80.0
10519598.0,84.0
10519761.0,80.0
10519784.0,80.0
10519790.0,80.0
10519794.0,80.0
10519795.0,80.0
10519797.0,80.0
10519800.0,80.0
10519801.0,80.0
10519847.0,80.0
10520131.0,150.0
10520240.0,80.0
10520621.0,80.0
10520649.0,80.0
10520660.0,80.0
10520679.0,80.0
10520689.0,80.0
10520692.0,80.0
10520702.0,80.0
10521052.0,80.0
10521267.0,80.0
10521289.0,80.0
10522031.0,80.0
10522042.0,80.0
10524223.0,80.0
10524225.0,80.0
10524226.0,80.0
10524227.0,80.0
10524836.0,80.0
10525455.0,80.0
10525638.0,80.0
10525639.0,80.0
10525640.0,80.0
10525642.0,80.0
10525650.0,80.0
10526247.0,80.0
10526250.0,130.0
10526358.0,130.0
10526561.0,80.0
10526749.0,80.0
10526777.0,80.0
10526782.0,80.0
10526936.0,199.55000000000004
10526994.0,199.55000000000004
10527048.0,199.55
10527097.0,230.0
10527134.0,160.93000000000004
10527337.0,80.0
10527349.0,80.0
10527355.0,80.0
10527362.0,80.0
10527493.0,80.0
10527511.0,80.0
10528347.0,80.0
10528359.0,80.0
10528360.0,80.0
10528364.0,80.0
10528366.0,80.0
10528374.0,80.0
10528432.0,80.0
10528434.0,80.0
10528435.0,80.0
10528652.0,80.0
10528804.0,80.0
10529330.0,100.0
10529453.0,80.0
10529456.0,80.0
10529457.0,80.0
10529503.0,80.0
10529505.0,80.0
10529506.0,80.0
10529550.0,80.0
10529551.0,80.0
10529555.0,80.0
10529559.0,80.0
10529574.0,80.0
10529959.0,80.0
10530273.0,80.0
10531391.0,80.0
10531399.0,80.0
10531405.0,80.0
10531633.0,130.0
10531649.0,130.0
10532235.0,130.0
10532556.0,130.0
10533118.0,80.0
10533123.0,80.0
10533126.0,80.0
10533512.0,80.0
10533692.0,80.0
10533880.0,80.0
10533886.0,80.0
10533912.0,80.0
10533931.0,80.0
10533985.0,80.0
10534250.0,80.0
10534254.0,80.0
10534497.0,80.0
10534682.0,110.0
10535730.0,80.0
10536396.0,80.0
10536408.0,80.0
10536412.0,80.0
10536414.0,80.0
10536435.0,80.0
10536439.0,80.0
10536444.0,80.0
10536456.0,80.0
10536462.0,80.0
10536465.0,80.0
10536471.0,80.0
10536497.0,80.0
10536606.0,80.0
10536608.0,80.0
10536687.0,80.0
10537805.0,80.0
10537808.0,80.0
10537841.0,80.0
10537894.0,80.0
10537900.0,80.0
10537912.0,80.0
10537977.0,80.0
10539304.0,80.0
10539305.0,80.0
10539332.0,80.0
10539335.0,80.0
10539368.0,80.0
10542282.0,80.0
10542284.0,80.0
10542362.0,80.0
10543995.0,80.0
10543996.0,80.0
10543997.0,80.0
10544567.0,80.0
10544570.0,80.0
10544571.0,80.0
10544573.0,80.0
10544577.0,80.0
10544584.0,80.0
10544586.0,80.0
10544619.0,80.0
10544623.0,80.0
10544624.0,80.0
10544625.0,80.0
10544747.0,80.0
10544928.0,150.0
10544953.0,80.0
10544955.0,80.0
10544957.0,80.0
10544976.0,80.0
10544978.0,80.0
10544980.0,80.0
10545367.0,80.0
10545374.0,80.0
10545815.0,80.0
10545967.0,80.0
10545968.0,80.0
10545970.0,80.0
10545971.0,80.0
10545973.0,80.0
10545974.0,80.0
10545975.0,80.0
10546036.0,80.0
10546217.0,90.0
10546218.0,80.0
10546532.0,80.0
10546534.0,80.0
10546535.0,80.0
10546545.0,80.0
10546549.0,80.0
10546569.0,80.0
10546571.0,80.0
10546572.0,80.0
10546716.0,80.0
10546719.0,80.0
10546724.0,80.0
10546779.0,80.0
10546862.0,80.0
10546911.0,80.0
10547407.0,130.0
10547482.0,130.0
10547506.0,80.0
10547508.0,80.0
10547521.0,80.0
10547524.0,80.0
10547527.0,80.0
10547532.0,80.0
10547534.0,80.0
10547541.0,80.0
10547543.0,80.0
10547544.0,80.0
10547569.0,80.0
10547570.0,80.0
10547571.0,80.0
10547792.0,84.0
10548115.0,120.0
10548148.0,120.0
10548255.0,80.0
10548258.0,80.0
10548264.0,80.0
10548274.0,80.0
10548286.0,120.0
10548304.0,80.0
10548307.0,120.0
10548518.0,80.0
10548525.0,80.0
10548554.0,80.0
10548683.0,80.0
10548851.0,80.0
10548908.0,157.31
10549103.0,120.0
10549584.0,80.0
10549588.0,80.0
10549675.0,80.0
10549680.0,80.0
10549689.0,80.0
10549690.0,80.0
10549691.0,80.0
10549765.0,80.0
10549775.0,80.0
10549781.0,80.0
10549790.0,80.0
10549807.0,80.0
10549810.0,80.0
10549813.0,80.0
10550659.0,80.0
10550766.0,80.0
10550938.0,80.0
10550940.0,80.0
10550944.0,80.0
10550951.0,80.0
10551492.0,80.0
10551493.0,80.0
10551494.0,80.0
10551518.0,80.0
10551519.0,80.0
10551539.0,80.0
10551542.0,80.0
10551545.0,80.0
10551548.0,80.0
10551551.0,80.0
10551552.0,80.0
10551555.0,80.0
10551572.0,80.0
10551575.0,80.0
10551883.0,190.0
10552092.0,202.25
10552686.0,80.0
10552715.0,80.0
10552717.0,80.0
10552720.0,80.0
10552722.0,80.0
10552724.0,80.0
10552740.0,80.0
10552751.0,80.0
10552752.0,80.0
10552791.0,80.0
10552832.0,80.0
10553198.0,80.0
10553199.0,80.0
10553202.0,80.0
10553219.0,80.0
10553247.0,80.0
10553264.0,80.0
10553265.0,80.0
10553267.0,80.0
10553277.0,80.0
10553407.0,80.0
10553543.0,80.0
10553578.0,80.0
10553973.0,80.0
10554759.0,80.0
10554764.0,80.0
10554792.0,80.0
10554807.0,80.0
10554813.0,80.0
10554815.0,80.0
10554820.0,80.0
10554822.0,80.0
10554826.0,80.0
10554834.0,80.0
10554835.0,80.0
10554900.0,80.0
10554904.0,80.0
10555100.0,80.0
10555303.0,80.0
10555304.0,80.0
10555305.0,80.0
10555310.0,80.0
10555311.0,80.0
10555312.0,80.0
10555405.0,80.0
10555490.0,80.0
10555491.0,80.0
10556548.0,80.0
10556549.0,80.0
10556550.0,80.0
10556625.0,80.0
10556628.0,80.0
10556665.0,80.0
10556669.0,80.0
10557230.0,80.0
10557232.0,80.0
10557286.0,80.0
10557288.0,80.0
10557320.0,80.0
10557624.0,80.0
10557817.0,80.0
10557922.0,80.0
10557924.0,80.0
10557936.0,80.0
10557938.0,80.0
10558057.0,80.0
10558207.0,80.0
10558362.0,80.0
10558976.0,80.0
10558979.0,80.0
10558981.0,80.0
10558985.0,80.0
10558987.0,80.0
10558988.0,80.0
10558998.0,80.0
10559029.0,80.0
10559066.0,80.0
10559067.0,80.0
10559074.0,80.0
10559406.0,80.0
10560144.0,80.0
10560149.0,80.0
10560150.0,80.0
10561336.0,84.0
10561338.0,84.0
10561344.0,84.0
10561346.0,84.0
10561347.0,84.0
10562395.0,80.0
10562397.0,80.0
10562515.0,80.0
10562521.0,80.0
10562525.0,80.0
10562906.0,80.0
10563120.0,80.0
10563357.0,80.0
10563358.0,80.0
10563360.0,80.0
10563373.0,80.0
10563375.0,80.0
10564239.0,80.0
10564323.0,80.0
10564327.0,80.0
10564333.0,80.0
10564497.0,80.0
10564501.0,80.0
10564504.0,80.0
10564576.0,80.0
10564662.0,80.0
10564676.0,80.0
10564677.0,80.0
10564691.0,80.0
10565396.0,80.0
10565397.0,80.0
10565496.0,80.0
10565597.0,80.0
10565625.0,80.0
10565951.0,80.0
10565955.0,150.0
10565963.0,80.0
10566005.0,80.0
10566066.0,80.0
10566223.0,80.0
10566235.0,80.0
10566521.0,80.0
10566522.0,80.0
10566532.0,80.0
10566681.0,80.0
10566703.0,80.0
10567038.0,80.0
10567134.0,110.0
10567384.0,80.0
10567386.0,80.0
10567389.0,80.0
10567391.0,80.0
10567392.0,80.0
10567685.0,855.0
10568469.0,560.0
10569034.0,80.0
10569035.0,80.0
10569040.0,80.0
10569045.0,80.0
10569048.0,80.0
10569051.0,80.0
10569057.0,80.0
10569062.0,80.0
10569071.0,80.0
10569081.0,80.0
10569084.0,80.0
10569097.0,80.0
10569099.0,80.0
10569103.0,80.0
10569378.0,80.0
10569448.0,80.0
10569548.0,80.0
10569568.0,80.0
10569611.0,80.0
10569612.0,80.0
10570064.0,80.0
10570930.0,80.0
10570939.0,80.0
10571169.0,80.0
10571182.0,80.0
10571191.0,80.0
10571283.0,80.0
10571567.0,80.0
10571569.0,80.0
10572375.0,80.0
10572411.0,80.0
10572886.0,80.0
10572894.0,80.0
10572909.0,80.0
10572929.0,80.0
10572930.0,80.0
10572935.0,80.0
10572937.0,80.0
10572941.0,80.0
10572985.0,80.0
10573038.0,80.0
10574546.0,80.0
10574764.0,80.0
10574766.0,80.0
10574798.0,80.0
10574808.0,80.0
10574812.0,80.0
10574814.0,80.0
10574817.0,80.0
10574822.0,80.0
10574823.0,80.0
10574846.0,80.0
10574889.0,80.0
10575277.0,110.0
10575538.0,80.0
10575753.0,80.0
10575763.0,80.0
10575770.0,80.0
10575786.0,80.0
10575822.0,700.0
10575829.0,80.0
10575832.0,80.0
10576111.0,80.0
10576117.0,80.0
10576157.0,80.0
10576390.0,80.0
10576493.0,80.0
10576663.0,80.0
10576670.0,1680.0
10576690.0,980.0
10576714.0,80.0
10576717.0,80.0
10576743.0,80.0
10576744.0,80.0
10576746.0,80.0
10576910.0,80.0
10577119.0,80.0
10577176.0,80.0
10577236.0,80.0
10577249.0,80.0
10577250.0,80.0
10577251.0,80.0
10577252.0,80.0
10577274.0,80.0
10577304.0,80.0
10577661.0,80.0
10577722.0,80.0
10577725.0,80.0
10577742.0,80.0
10578549.0,80.0
10578553.0,80.0
10578557.0,80.0
10578561.0,80.0
10578563.0,80.0
10578564.0,80.0
10579333.0,80.0
10579338.0,80.0
10579342.0,80.0
10579346.0,80.0
10579503.0,80.0
10579504.0,80.0
10579505.0,80.0
10579530.0,130.0
10579701.0,130.0
10579721.0,100.0
10579801.0,160.93
10580911.0,80.0
10580914.0,80.0
10580925.0,80.0
10580930.0,80.0
10580966.0,80.0
10580968.0,80.0
10580974.0,80.0
10581009.0,80.0
10581021.0,80.0
10581036.0,80.0
10581051.0,80.0
10581109.0,80.0
10581110.0,80.0
10581930.0,80.0
10582111.0,80.0
10582137.0,80.0
10582146.0,80.0
10582275.0,80.0
10582278.0,80.0
10582475.0,80.0
10582688.0,80.0
10582962.0,80.0
10582963.0,80.0
10583345.0,80.0
10583346.0,80.0
10583355.0,80.0
10583356.0,80.0
10583387.0,80.0
10583449.0,80.0
10583451.0,80.0
10583641.0,80.0
10583674.0,80.0
10583675.0,80.0
10583696.0,130.0
10583872.0,80.0
10584164.0,80.0
10584191.0,80.0
10584328.0,80.0
10586286.0,130.0
10586315.0,80.0
10586317.0,80.0
10586336.0,130.0
10586339.0,80.0
10586435.0,80.0
10586443.0,80.0
10586444.0,80.0
10586445.0,80.0
10586473.0,80.0
10586474.0,80.0
10587236.0,230.0
10589298.0,130.0
10590000.0,80.0
10590001.0,80.0
10590003.0,80.0
10590036.0,80.0
10590078.0,80.0
10590120.0,80.0
10590122.0,80.0
10590123.0,80.0
10590224.0,80.0
10590225.0,80.0
10590231.0,80.0
10590233.0,80.0
10590359.0,80.0
10590360.0,80.0
10590573.0,80.0
10590574.0,80.0
10590575.0,80.0
10590576.0,80.0
10590577.0,80.0
10590578.0,80.0
10590579.0,80.0
10590582.0,80.0
10590803.0,80.0
10590804.0,80.0
10590805.0,80.0
10590806.0,80.0
10590807.0,80.0
10590808.0,80.0
10591819.0,80.0
10591839.0,80.0
10591840.0,80.0
10592153.0,199.55
10592184.0,199.55000000000004
10592272.0,80.0
10592283.0,80.0
10592291.0,80.0
10592292.0,80.0
10592293.0,80.0
10592295.0,80.0
10592304.0,80.0
10592308.0,80.0
10592309.0,80.0
10592349.0,130.0
10592357.0,80.0
10592358.0,80.0
10592370.0,80.0
10592405.0,80.0
10592594.0,80.0
10593336.0,80.0
10593342.0,80.0
10593401.0,80.0
10593436.0,80.0
10593520.0,80.0
10593703.0,80.0
10593926.0,80.0
10594242.0,130.0
10594517.0,80.0
10594520.0,80.0
10594521.0,80.0
10594522.0,80.0
10594525.0,80.0
10594537.0,80.0
10594556.0,80.0
10594560.0,80.0
10594562.0,80.0
10595140.0,80.0
10595144.0,80.0
10595149.0,80.0
10595153.0,80.0
10595156.0,80.0
10595172.0,80.0
10595177.0,80.0
10595180.0,80.0
10595183.0,80.0
10595190.0,80.0
10595192.0,80.0
10595194.0,80.0
10595314.0,80.0
10595356.0,150.0
10595410.0,80.0
10595856.0,80.0
10595900.0,80.0
10596019.0,80.0
10596020.0,80.0
10596022.0,80.0
10596024.0,80.0
10596025.0,80.0
10596045.0,80.0
10596047.0,80.0
10596119.0,80.0
10596591.0,80.0
10596801.0,80.0
10596802.0,80.0
10596818.0,80.0
10596821.0,80.0
10596840.0,80.0
10596848.0,80.0
10596859.0,80.0
10596888.0,80.0
10597025.0,760.0
10597148.0,80.0
10597150.0,80.0
10597151.0,80.0
10597152.0,80.0
10597154.0,80.0
10597156.0,80.0
10597157.0,80.0
10597159.0,80.0
10597160.0,80.0
10597161.0,80.0
10597163.0,80.0
10597177.0,80.0
10597179.0,80.0
10597827.0,80.0
10597828.0,80.0
10597830.0,80.0
10597831.0,80.0
10597833.0,80.0
10597834.0,80.0
10597835.0,80.0
10597837.0,80.0
10597839.0,80.0
10597842.0,80.0
10598568.0,80.0
10598602.0,80.0
10598610.0,80.0
10598643.0,80.0
10598998.0,80.0
10599000.0,80.0
10599022.0,130.0
10599069.0,130.0
10599294.0,80.0
10599310.0,80.0
10599314.0,80.0
10599318.0,80.0
10599319.0,80.0
10599510.0,80.0
10599511.0,80.0
10599512.0,80.0
10599513.0,80.0
10599626.0,120.0
10599702.0,120.0
10599714.0,80.0
10599715.0,80.0
10599720.0,120.0
10599727.0,80.0
10599730.0,80.0
10599731.0,80.0
10599738.0,80.0
10599742.0,80.0
10599743.0,80.0
10599755.0,80.0
10599759.0,80.0
10599760.0,120.0
10599939.0,84.0
10600044.0,80.0
10600296.0,80.0
10601496.0,80.0
10601693.0,80.0
10601705.0,80.0
10601706.0,80.0
10601712.0,80.0
10601713.0,80.0
10601877.0,80.0
10601965.0,80.0
10602444.0,80.0
10602451.0,80.0
10602454.0,80.0
10602580.0,80.0
10602583.0,80.0
10602587.0,80.0
10602589.0,80.0
10602593.0,80.0
10602595.0,80.0
10602598.0,80.0
10602601.0,80.0
10602604.0,80.0
10602607.0,80.0
10602613.0,80.0
10602772.0,80.0
10602800.0,80.0
10603296.0,80.0
10603746.0,80.0
10603748.0,80.0
10603797.0,80.0
10603798.0,80.0
10603825.0,80.0
10603846.0,80.0
10603848.0,80.0
10603886.0,80.0
10603887.0,80.0
10603892.0,80.0
10604077.0,80.0
10604078.0,80.0
10604080.0,80.0
10604082.0,80.0
10604224.0,80.0
10604451.0,80.0
10604513.0,80.0
10604518.0,80.0
10604519.0,80.0
10604520.0,80.0
10604935.0,80.0
10604936.0,80.0
10604962.0,80.0
10605658.0,80.0
10605659.0,80.0
10605805.0,80.0
10605812.0,80.0
10605815.0,80.0
10605988.0,80.0
10605990.0,80.0
10605992.0,80.0
10605995.0,80.0
10606018.0,80.0
10606022.0,80.0
10606108.0,80.0
10606321.0,80.0
10606408.0,190.0
10606435.0,80.0
10606658.0,80.0
10606659.0,80.0
10606699.0,80.0
10606700.0,80.0
10606706.0,80.0
10606763.0,80.0
10607175.0,80.0
10607215.0,80.0
10607222.0,80.0
10607370.0,80.0
10607371.0,80.0
10607373.0,84.0
10607377.0,84.0
10607612.0,80.0
10607619.0,80.0
10607620.0,80.0
10607630.0,80.0
10607899.0,80.0
10608109.0,80.0
10608111.0,80.0
10608114.0,80.0
10608615.0,80.0
10608616.0,80.0
10608677.0,80.0
10608678.0,80.0
10609500.0,80.0
10609503.0,80.0
10610786.0,80.0
10610796.0,80.0
10610798.0,80.0
10610874.0,80.0
10610927.0,80.0
10611378.0,80.0
10611410.0,80.0
10611411.0,80.0
10611433.0,80.0
10611436.0,80.0
10611454.0,80.0
10611455.0,80.0
10612732.0,80.0
10612734.0,80.0
10612738.0,80.0
10612739.0,80.0
10612754.0,80.0
10612760.0,80.0
10612772.0,80.0
10612775.0,80.0
10612789.0,80.0
10612827.0,80.0
10612849.0,80.0
10612850.0,80.0
10612851.0,80.0
10612861.0,80.0
10612862.0,80.0
10612863.0,80.0
10612864.0,80.0
10612865.0,80.0
10612943.0,80.0
10613269.0,80.0
10613301.0,80.0
10613315.0,80.0
10613316.0,80.0
10613321.0,80.0
10613446.0,80.0
10613515.0,80.0
10613560.0,80.0
10613563.0,80.0
10613620.0,80.0
10613621.0,80.0
10613689.0,80.0
10613948.0,80.0
10614794.0,80.0
10614845.0,80.0
10614998.0,80.0
10615132.0,80.0
10615134.0,80.0
10615135.0,80.0
10615142.0,80.0
10615144.0,80.0
10615146.0,80.0
10615192.0,80.0
10615195.0,80.0
10615203.0,80.0
10615206.0,80.0
10615210.0,80.0
10616218.0,80.0
10617165.0,150.0
10617285.0,80.0
10617286.0,80.0
10617288.0,80.0
10617290.0,80.0
10617302.0,80.0
10617723.0,80.0
10617725.0,80.0
10617901.0,80.0
10618696.0,110.0
10618788.0,80.0
10618903.0,80.0
10618913.0,80.0
10618915.0,80.0
10618917.0,80.0
10618986.0,80.0
10619001.0,80.0
10619020.0,80.0
10619038.0,80.0
10619041.0,80.0
10619043.0,80.0
10619044.0,80.0
10619048.0,199.54999999999998
10619050.0,80.0
10619066.0,80.0
10619103.0,80.0
10619402.0,80.0
10619682.0,80.0
10619684.0,80.0
10619687.0,80.0
10619752.0,80.0
10619774.0,80.0
10619778.0,80.0
10619779.0,80.0
10619784.0,80.0
10619880.0,80.0
10619978.0,80.0
10619980.0,80.0
10619984.0,80.0
10619986.0,80.0
10619989.0,80.0
10619991.0,80.0
10620075.0,80.0
10620079.0,80.0
10620083.0,80.0
10620084.0,80.0
10620086.0,80.0
10620241.0,80.0
10620243.0,80.0
10620250.0,80.0
10620622.0,80.0
10620828.0,199.55
10620915.0,600.0
10620930.0,80.0
10620945.0,80.0
10620950.0,80.0
10620953.0,80.0
10621340.0,84.0
10621342.0,84.0
10621343.0,84.0
10621350.0,84.0
10621806.0,80.0
10621810.0,80.0
10623077.0,80.0
10623406.0,980.0
10623492.0,1680.0
10623507.0,80.0
10623514.0,80.0
10623524.0,80.0
10624177.0,80.0
10624423.0,80.0
10624425.0,80.0
10624426.0,80.0
10625068.0,80.0
10625111.0,80.0
10625125.0,80.0
10625166.0,80.0
10625168.0,80.0
10625170.0,80.0
10625279.0,80.0
10625280.0,80.0
10625560.0,80.0
10625968.0,80.0
10625972.0,80.0
10625974.0,80.0
10626006.0,80.0
10626009.0,80.0
10626010.0,80.0
10626014.0,80.0
10626020.0,80.0
10626114.0,80.0
10626131.0,80.0
10626253.0,80.0
10626260.0,80.0
10626268.0,80.0
10626571.0,80.0
10627370.0,80.0
10627372.0,80.0
10627378.0,80.0
10627390.0,80.0
10627402.0,110.0
10627414.0,80.0
10627418.0,80.0
10627419.0,80.0
10627427.0,80.0
10627428.0,80.0
10627436.0,80.0
10627438.0,80.0
10627440.0,80.0
10628114.0,80.0
10628170.0,80.0
10628767.0,80.0
10628808.0,80.0
10628849.0,80.0
10629043.0,80.0
10629045.0,80.0
10629049.0,80.0
10629058.0,80.0
10629267.0,80.0
10629542.0,110.0
10629555.0,80.0
10629560.0,80.0
10629563.0,80.0
10629564.0,80.0
10629591.0,80.0
10629592.0,80.0
10629593.0,80.0
10629595.0,80.0
10629598.0,80.0
10629605.0,80.0
10629606.0,80.0
10629624.0,80.0
10629634.0,80.0
10629635.0,80.0
10630197.0,90.0
10630200.0,80.0
10630201.0,80.0
10630206.0,80.0
10630207.0,80.0
10630222.0,80.0
10630224.0,80.0
10630241.0,80.0
10630483.0,80.0
10630485.0,80.0
10630622.0,80.0
10630623.0,80.0
10631948.0,80.0
10631950.0,80.0
10631979.0,80.0
10632016.0,80.0
10632017.0,80.0
10632056.0,80.0
10632389.0,80.0
10632392.0,80.0
10632396.0,80.0
10632534.0,80.0
10632537.0,80.0
10632607.0,80.0
10632612.0,80.0
10632616.0,80.0
10632727.0,80.0
10633054.0,80.0
10633088.0,80.0
10633089.0,80.0
10633362.0,80.0
10633368.0,80.0
10633382.0,80.0
10633383.0,80.0
10633577.0,130.0
10633611.0,80.0
10633639.0,80.0
10633656.0,130.0
10633934.0,80.0
10634243.0,80.0
10634248.0,80.0
10634253.0,80.0
10634257.0,80.0
10634259.0,80.0
10634264.0,80.0
10634271.0,80.0
10634297.0,130.0
10634329.0,130.0
10634340.0,130.0
10634431.0,80.0
10634461.0,80.0
10634501.0,80.0
10634508.0,80.0
10634562.0,80.0
10634966.0,80.0
10634972.0,80.0
10635001.0,80.0
10635090.0,80.0
10635437.0,80.0
10635545.0,80.0
10635549.0,80.0
10635582.0,80.0
10635584.0,80.0
10635590.0,230.0
10635603.0,80.0
10635612.0,80.0
10635626.0,80.0
10635627.0,80.0
10635629.0,80.0
10635637.0,80.0
10635664.0,100.0
10635772.0,80.0
10635773.0,80.0
10635964.0,80.0
10635965.0,80.0
10635976.0,80.0
10637032.0,199.55
10637545.0,199.55
10637667.0,80.0
10637670.0,80.0
10637672.0,80.0
10637674.0,80.0
10638233.0,80.0
10638239.0,80.0
10638543.0,80.0
10638544.0,80.0
10638545.0,80.0
10638546.0,80.0
10639299.0,80.0
10639376.0,80.0
10639379.0,80.0
10639380.0,80.0
10639384.0,80.0
10639389.0,80.0
10639396.0,80.0
10639403.0,80.0
10639736.0,80.0
10641005.0,84.0
10641007.0,84.0
10641514.0,80.0
10641616.0,80.0
10641618.0,80.0
10641620.0,80.0
10641674.0,80.0
10641723.0,80.0
10642013.0,80.0
10642015.0,80.0
10642052.0,80.0
10642169.0,80.0
10642619.0,80.0
10642650.0,80.0
10642651.0,80.0
10642976.0,80.0
10643067.0,120.0
10643083.0,80.0
10643088.0,80.0
10643091.0,80.0
10643193.0,80.0
10643194.0,80.0
10643195.0,80.0
10643266.0,80.0
10643309.0,80.0
10643312.0,80.0
10643315.0,80.0
10643316.0,80.0
10643656.0,80.0
10644024.0,80.0
10644027.0,80.0
10644434.0,80.0
10644446.0,80.0
10644447.0,80.0
10644473.0,80.0
10644478.0,80.0
10644482.0,80.0
10644543.0,80.0
10644555.0,80.0
10644792.0,120.0
10644831.0,120.0
10645072.0,120.0
10645372.0,80.0
10645615.0,120.0
10645646.0,80.0
10645648.0,80.0
10646329.0,80.0
10646334.0,80.0
10646338.0,80.0
10646504.0,80.0
10646507.0,80.0
10647238.0,80.0
10647239.0,130.0
10647241.0,80.0
10647267.0,130.0
10647351.0,130.0
10649285.0,80.0
10649288.0,80.0
10649292.0,80.0
10649338.0,80.0
10649348.0,80.0
10649360.0,80.0
10649525.0,80.0
10649563.0,80.0
10649924.0,80.0
10650035.0,80.0
10650042.0,80.0
10650049.0,80.0
10650672.0,80.0
10650673.0,80.0
10650676.0,80.0
10650678.0,80.0
10650720.0,80.0
10650722.0,80.0
10650723.0,80.0
10650724.0,80.0
10650751.0,80.0
10650757.0,80.0
10651768.0,80.0
10651771.0,80.0
10651773.0,80.0
10651775.0,80.0
10652586.0,80.0
10652588.0,80.0
10652592.0,80.0
10652714.0,80.0
10652716.0,80.0
10652918.0,80.0
10653016.0,80.0
10653859.0,80.0
10653860.0,80.0
10653902.0,120.0
10653903.0,80.0
10653990.0,80.0
10654000.0,80.0
10654004.0,80.0
10654011.0,80.0
10654015.0,80.0
10654018.0,80.0
10654025.0,80.0
10654030.0,80.0
10654035.0,80.0
10654041.0,80.0
10654047.0,80.0
10654048.0,80.0
10654066.0,80.0
10654079.0,80.0
10654094.0,80.0
10654138.0,80.0
10654327.0,130.0
10654425.0,130.0
10654470.0,80.0
10654473.0,80.0
10654475.0,80.0
10654573.0,202.25
10654602.0,202.25
10654642.0,80.0
10654643.0,80.0
10654698.0,80.0
10654721.0,80.0
10654722.0,80.0
10654983.0,80.0
10654985.0,80.0
10654989.0,80.0
10654990.0,80.0
10654995.0,80.0
10655000.0,80.0
10655008.0,80.0
10655260.0,80.0
10655264.0,80.0
10655275.0,80.0
10655538.0,80.0
10655540.0,80.0
10655541.0,80.0
10655542.0,80.0
10655704.0,190.0
10655731.0,80.0
10655732.0,80.0
10655734.0,80.0
10655818.0,80.0
10655820.0,80.0
10655821.0,80.0
10655822.0,80.0
10655824.0,80.0
10655825.0,80.0
10655826.0,80.0
10655827.0,80.0
10655828.0,80.0
10655830.0,80.0
10655931.0,80.0
10655933.0,80.0
10655950.0,80.0
10655991.0,80.0
10656577.0,80.0
10656581.0,80.0
10656845.0,80.0
10656846.0,80.0
10656853.0,80.0
10656855.0,80.0
10656874.0,80.0
10656875.0,80.0
10656877.0,80.0
10656881.0,80.0
10656883.0,80.0
10656944.0,80.0
10656946.0,80.0
10656948.0,80.0
10656951.0,80.0
10657103.0,80.0
10657280.0,80.0
10657326.0,80.0
10657327.0,80.0
10657346.0,80.0
10657348.0,80.0
10657353.0,80.0
10657390.0,80.0
10657412.0,80.0
10657413.0,80.0
10657414.0,80.0
10657416.0,80.0
10657419.0,80.0
10657420.0,80.0
10657428.0,80.0
10657430.0,80.0
10657537.0,80.0
10657538.0,80.0
10657542.0,80.0
10657729.0,80.0
10657730.0,80.0
10657732.0,80.0
10657733.0,80.0
10657864.0,80.0
10658449.0,80.0
10658452.0,80.0
10658464.0,80.0
10658466.0,80.0
10658469.0,80.0
10658491.0,80.0
10658499.0,80.0
10658500.0,80.0
10658514.0,80.0
10658520.0,80.0
10658521.0,80.0
10658538.0,80.0
10658547.0,80.0
10658548.0,80.0
10658608.0,80.0
10658623.0,80.0
10658658.0,80.0
10658659.0,80.0
10658660.0,80.0
10658836.0,80.0
10658956.0,80.0
10658957.0,80.0
10658983.0,80.0
10659222.0,80.0
10659223.0,80.0
10659305.0,84.0
10659353.0,80.0
10659354.0,80.0
10659358.0,80.0
10659413.0,80.0
10659415.0,80.0
10659420.0,80.0
10659502.0,80.0
10659504.0,80.0
10659508.0,80.0
10659536.0,80.0
10661492.0,80.0
10661494.0,80.0
10661497.0,80.0
10661516.0,80.0
10661585.0,80.0
10661976.0,80.0
10661977.0,80.0
10661978.0,80.0
10661980.0,80.0
10662002.0,80.0
10662003.0,80.0
10662016.0,80.0
10662018.0,80.0
10662247.0,80.0
10662249.0,80.0
10662266.0,80.0
10662269.0,80.0
10662277.0,80.0
10662280.0,80.0
10662282.0,80.0
10662313.0,80.0
10662462.0,80.0
10662854.0,80.0
10662855.0,80.0
10662856.0,80.0
10662874.0,80.0
10662883.0,80.0
10662886.0,80.0
10662937.0,80.0
10662940.0,80.0
10662942.0,80.0
10663943.0,80.0
10663945.0,80.0
10664170.0,80.0
10664172.0,80.0
10664177.0,80.0
10664312.0,80.0
10664313.0,80.0
10664315.0,80.0
10664316.0,80.0
10664410.0,80.0
10664412.0,80.0
10664416.0,80.0
10664471.0,80.0
10664576.0,80.0
10665048.0,80.0
10665051.0,80.0
10665158.0,80.0
10665160.0,80.0
10665162.0,80.0
10665163.0,80.0
10665165.0,80.0
10665166.0,80.0
10665171.0,80.0
10665172.0,80.0
10665173.0,80.0
10665176.0,80.0
10665178.0,80.0
10665180.0,80.0
10665183.0,80.0
10665184.0,80.0
10665287.0,80.0
10665288.0,80.0
10665291.0,80.0
10665400.0,80.0
10665559.0,80.0
10665880.0,80.0
10665969.0,80.0
10665975.0,80.0
10665977.0,80.0
10665993.0,80.0
10665996.0,80.0
10665997.0,80.0
10665999.0,80.0
10666085.0,80.0
10666201.0,80.0
10666213.0,80.0
10666216.0,80.0
10666218.0,80.0
10666618.0,80.0
10666620.0,80.0
10666621.0,80.0
10666623.0,80.0
10666640.0,80.0
10666697.0,80.0
10666904.0,80.0
10666939.0,80.0
10666959.0,80.0
10666963.0,80.0
10666990.0,80.0
10667357.0,80.0
10668031.0,80.0
10668039.0,80.0
10668040.0,80.0
10668045.0,80.0
10668046.0,80.0
10668083.0,80.0
10668144.0,80.0
10668145.0,80.0
10668153.0,80.0
10668196.0,80.0
10668248.0,80.0
10668423.0,80.0
10668463.0,80.0
10668523.0,80.0
10668540.0,80.0
10668545.0,80.0
10668699.0,80.0
10668948.0,80.0
10668952.0,80.0
10669175.0,80.0
10669177.0,80.0
10669179.0,80.0
10669429.0,80.0
10669431.0,80.0
10669485.0,80.0
10669489.0,80.0
10669491.0,80.0
10669493.0,80.0
10669828.0,80.0
10669917.0,80.0
10670253.0,80.0
10670255.0,80.0
10670344.0,80.0
10670351.0,80.0
10670352.0,80.0
10670717.0,80.0
10670721.0,80.0
10670722.0,80.0
10670724.0,80.0
10670894.0,80.0
10671194.0,80.0
10671201.0,80.0
10671202.0,80.0
10671220.0,150.0
10671624.0,80.0
10671711.0,80.0
10671718.0,80.0
10671719.0,80.0
10671751.0,80.0
10671752.0,80.0
10672428.0,80.0
10672430.0,80.0
10672735.0,80.0
10672736.0,285.0
10672740.0,80.0
10672745.0,80.0
10672747.0,80.0
10672798.0,600.0
10672885.0,80.0
10672888.0,80.0
10672895.0,80.0
10672897.0,80.0
10672909.0,80.0
10672913.0,80.0
10672947.0,80.0
10673257.0,80.0
10673263.0,80.0
10673503.0,80.0
10673509.0,80.0
10673905.0,80.0
10674028.0,80.0
10674030.0,80.0
10674049.0,80.0
10674051.0,80.0
10675729.0,80.0
10675735.0,80.0
10675747.0,80.0
10675814.0,80.0
10675818.0,80.0
10675830.0,80.0
10675841.0,80.0
10675842.0,80.0
10676172.0,80.0
10676755.0,80.0
10676771.0,80.0
10676772.0,80.0
10677003.0,80.0
10677005.0,80.0
10677006.0,80.0
10677557.0,80.0
10677617.0,80.0
10677620.0,80.0
10677636.0,80.0
10677638.0,80.0
10677640.0,80.0
10677641.0,80.0
10677646.0,80.0
10677652.0,80.0
10677654.0,80.0
10677668.0,80.0
10677671.0,80.0
10677674.0,80.0
10677675.0,80.0
10677676.0,80.0
10677683.0,80.0
10677689.0,80.0
10677690.0,80.0
10677711.0,80.0
10678906.0,80.0
10678910.0,80.0
10678916.0,80.0
10678933.0,80.0
10678935.0,80.0
10678996.0,80.0
10678999.0,80.0
10679014.0,80.0
10679017.0,80.0
10679117.0,80.0
10679146.0,80.0
10679149.0,80.0
10679202.0,80.0
10679206.0,80.0
10679208.0,80.0
10679539.0,80.0
10679540.0,80.0
10679542.0,80.0
10679543.0,80.0
10679975.0,80.0
10679977.0,80.0
10680175.0,80.0
10680179.0,80.0
10680180.0,80.0
10680223.0,80.0
10680226.0,80.0
10680244.0,80.0
10680300.0,110.0
10680504.0,80.0
10680779.0,80.0
10680791.0,80.0
10680792.0,80.0
10680794.0,80.0
10680846.0,80.0
10680883.0,80.0
10680893.0,80.0
10680894.0,80.0
10680895.0,80.0
10681001.0,560.0
10681053.0,80.0
10681098.0,80.0
10681100.0,80.0
10681104.0,80.0
10681105.0,80.0
10681340.0,80.0
10681353.0,80.0
10681836.0,80.0
10681839.0,80.0
10681841.0,80.0
10681849.0,80.0
10681850.0,80.0
10681851.0,80.0
10681854.0,80.0
10681855.0,80.0
10682141.0,110.0
10682188.0,80.0
10682192.0,80.0
10682218.0,199.55
10682388.0,199.55
10683027.0,80.0
10683343.0,80.0
10683369.0,80.0
10683380.0,80.0
10683387.0,80.0
10683404.0,80.0
10683422.0,80.0
10683428.0,80.0
10683432.0,80.0
10683596.0,80.0
10683609.0,80.0
10683623.0,80.0
10683624.0,80.0
10683629.0,80.0
10683633.0,80.0
10683642.0,80.0
10683644.0,80.0
10683648.0,80.0
10683650.0,80.0
10683652.0,80.0
10683653.0,80.0
10683686.0,80.0
10683742.0,80.0
10684084.0,1680.0
10684087.0,980.0
10684091.0,80.0
10684220.0,80.0
10684224.0,80.0
10684235.0,80.0
10684237.0,80.0
10684239.0,80.0
10684241.0,80.0
10684242.0,80.0
10684247.0,80.0
10684297.0,80.0
10684298.0,80.0
10684380.0,80.0
10684381.0,80.0
10685147.0,80.0
10685190.0,80.0
10685193.0,80.0
10685241.0,80.0
10685250.0,80.0
10685256.0,80.0
10685258.0,80.0
10685268.0,80.0
10685272.0,80.0
10685274.0,80.0
10685279.0,80.0
10685281.0,80.0
10685282.0,80.0
10685330.0,80.0
10685334.0,80.0
10685349.0,80.0
10685427.0,80.0
10685433.0,80.0
10685559.0,80.0
10685621.0,80.0
10685623.0,80.0
10686016.0,80.0
10686493.0,80.0
10686495.0,80.0
10686497.0,80.0
10686553.0,80.0
10686556.0,80.0
10686633.0,80.0
10686635.0,80.0
10686636.0,80.0
10686637.0,80.0
10686639.0,80.0
10686643.0,80.0
10686647.0,80.0
10687209.0,80.0
10687326.0,80.0
10687328.0,80.0
10687969.0,84.0
10687970.0,84.0
10688086.0,100.0
10688196.0,80.0
10688312.0,80.0
10688313.0,80.0
10688314.0,80.0
10688315.0,80.0
10688319.0,80.0
10688321.0,80.0
10688322.0,80.0
10688324.0,80.0
10688325.0,80.0
10688412.0,80.0
10688414.0,80.0
10688435.0,80.0
10688590.0,80.0
10688592.0,80.0
10688810.0,80.0
10688827.0,80.0
10688828.0,80.0
10688834.0,80.0
10688836.0,80.0
10688839.0,80.0
10688844.0,80.0
10688848.0,80.0
10688855.0,80.0
10688857.0,80.0
10688859.0,80.0
10688876.0,80.0
10688877.0,80.0
10688878.0,80.0
10689164.0,80.0
10690165.0,130.0
10690233.0,80.0
10690303.0,80.0
10690739.0,80.0
10690788.0,80.0
10690791.0,130.0
10690799.0,80.0
10690894.0,80.0
10691181.0,199.55
10691597.0,130.0
10691718.0,130.0
10691855.0,130.0
10691890.0,130.0
10691891.0,80.0
10691892.0,80.0
10691894.0,80.0
10691895.0,80.0
10691896.0,80.0
10691897.0,80.0
10692034.0,80.0
10692036.0,80.0
10692103.0,80.0
10692111.0,80.0
10692137.0,80.0
10692139.0,80.0
10692149.0,80.0
10692150.0,80.0
10692392.0,130.0
10692439.0,80.0
10692447.0,80.0
10692449.0,80.0
10692451.0,80.0
10692455.0,80.0
10692715.0,80.0
10692716.0,80.0
10692718.0,80.0
10692721.0,80.0
10692891.0,80.0
10692929.0,110.0
10692952.0,80.0
10692955.0,80.0
10692975.0,80.0
10692980.0,80.0
10692990.0,80.0
10693194.0,130.0
10693457.0,80.0
10693555.0,80.0
10693751.0,80.0
10693842.0,80.0
10693844.0,80.0
10693849.0,80.0
10693852.0,80.0
10693855.0,80.0
10693857.0,80.0
10693911.0,80.0
10693914.0,80.0
10693915.0,80.0
10693967.0,80.0
10694490.0,80.0
10694512.0,80.0
10694515.0,80.0
10694754.0,80.0
10694781.0,80.0
10694786.0,80.0
10694804.0,80.0
10695206.0,80.0
10695208.0,80.0
10695209.0,80.0
10695318.0,80.0
10695373.0,80.0
10695375.0,80.0
10695408.0,80.0
10695566.0,80.0
10695570.0,80.0
10696586.0,80.0
10696598.0,80.0
10696616.0,80.0
10696636.0,80.0
10696661.0,80.0
10696666.0,80.0
10696823.0,84.0
10696828.0,80.0
10696835.0,80.0
10696906.0,80.0
10696917.0,80.0
10696924.0,80.0
10696927.0,80.0
10697039.0,80.0
10697078.0,80.0
10697135.0,80.0
10697185.0,80.0
10697187.0,80.0
10697188.0,80.0
10697674.0,80.0
10697716.0,80.0
10697799.0,80.0
10697908.0,80.0
10697913.0,80.0
10697931.0,80.0
10698212.0,80.0
10698738.0,80.0
10698771.0,80.0
10698773.0,80.0
10698780.0,80.0
10698871.0,80.0
10698987.0,80.0
10698998.0,80.0
10699018.0,80.0
10699020.0,80.0
10699120.0,80.0
10699191.0,80.0
10699198.0,80.0
10699273.0,80.0
10699302.0,80.0
10699303.0,80.0
10699592.0,199.54999999999998
10700715.0,80.0
10700719.0,80.0
10700842.0,80.0
10700847.0,80.0
10700854.0,80.0
10700891.0,80.0
10700899.0,80.0
10700907.0,80.0
10700918.0,80.0
10700933.0,80.0
10700937.0,80.0
10700975.0,80.0
10701262.0,80.0
10702015.0,80.0
10702465.0,80.0
10702466.0,80.0
10702693.0,80.0
10702735.0,80.0
10702738.0,80.0
10702809.0,80.0
10702811.0,80.0
10702827.0,80.0
10702828.0,80.0
10702843.0,80.0
10703265.0,80.0
10703288.0,80.0
10703291.0,80.0
10703324.0,80.0
10703355.0,80.0
10703356.0,80.0
10704420.0,150.0
10704698.0,150.0
10704890.0,150.0
10704983.0,150.0
10705178.0,150.0
10705224.0,150.0
10705603.0,230.0
10705630.0,80.0
10705706.0,80.0
10706446.0,80.0
10707443.0,80.0
10707444.0,80.0
10707446.0,80.0
10707529.0,80.0
10707545.0,80.0
10707555.0,80.0
10707570.0,80.0
10707573.0,80.0
10707590.0,80.0
10709816.0,80.0
10709817.0,80.0
10709819.0,80.0
10709821.0,80.0
10709955.0,80.0
10709957.0,80.0
10709958.0,80.0
10709962.0,80.0
10709964.0,80.0
10709967.0,80.0
10709982.0,80.0
10709984.0,80.0
10709997.0,80.0
10709999.0,80.0
10710000.0,80.0
10710338.0,80.0
10710340.0,80.0
10710378.0,80.0
10710381.0,80.0
10710382.0,80.0
10710861.0,80.0
10710864.0,80.0
10710869.0,80.0
10710871.0,80.0
10710874.0,80.0
10711195.0,80.0
10711196.0,80.0
10711386.0,80.0
10711389.0,80.0
10711605.0,80.0
10711607.0,80.0
10711609.0,80.0
10711611.0,80.0
10711635.0,80.0
10711639.0,80.0
10711764.0,80.0
10712015.0,80.0
10712062.0,80.0
10712102.0,80.0
10712142.0,80.0
10712143.0,80.0
10712146.0,80.0
10712148.0,80.0
10712156.0,80.0
10712160.0,80.0
10712169.0,80.0
10712248.0,80.0
10712282.0,80.0
10712364.0,80.0
10712378.0,80.0
10712444.0,80.0
10712515.0,80.0
10712529.0,80.0
10712692.0,80.0
10712697.0,80.0
10712974.0,80.0
10713014.0,80.0
10713018.0,80.0
10713092.0,80.0
10713429.0,80.0
10713432.0,80.0
10713442.0,80.0
10713444.0,80.0
10713446.0,80.0
10713461.0,80.0
10713462.0,80.0
10713514.0,80.0
10713515.0,80.0
10713516.0,80.0
10713658.0,80.0
10713659.0,80.0
10713660.0,80.0
10713661.0,80.0
10713662.0,80.0
10713696.0,130.0
10713707.0,130.0
10713941.0,80.0
10713942.0,80.0
10713944.0,80.0
10713951.0,80.0
10713967.0,80.0
10713970.0,80.0
10714007.0,80.0
10714017.0,80.0
10714020.0,80.0
10714059.0,80.0
10714063.0,80.0
10714113.0,80.0
10714116.0,80.0
10714124.0,80.0
10714127.0,80.0
10714182.0,120.0
10714213.0,80.0
10714217.0,80.0
10714226.0,80.0
10714359.0,80.0
10714392.0,80.0
10714407.0,80.0
10714538.0,80.0
10714540.0,80.0
10714637.0,80.0
10714640.0,80.0
10714690.0,80.0
10714904.0,80.0
10715001.0,80.0
10715002.0,80.0
10715043.0,80.0
10715044.0,80.0
10715152.0,80.0
10715643.0,80.0
10715645.0,80.0
10715655.0,80.0
10715660.0,80.0
10715664.0,80.0
10716091.0,80.0
10716116.0,80.0
10716191.0,80.0
10716575.0,80.0
10716578.0,80.0
10716902.0,80.0
10716903.0,80.0
10716920.0,80.0
10716923.0,80.0
10716963.0,80.0
10717219.0,80.0
10717221.0,80.0
10717241.0,80.0
10717319.0,80.0
10717324.0,80.0
10717325.0,80.0
10717380.0,80.0
10717382.0,80.0
10717386.0,80.0
10718464.0,80.0
10718515.0,80.0
10718516.0,80.0
10718517.0,80.0
10718540.0,80.0
10718544.0,80.0
10718546.0,80.0
10718548.0,80.0
10718549.0,80.0
10718867.0,80.0
10718869.0,80.0
10718873.0,80.0
10718874.0,80.0
10718875.0,80.0
10718876.0,80.0
10718899.0,80.0
10718900.0,80.0
10718901.0,80.0
10718902.0,80.0
10718904.0,80.0
10718905.0,80.0
10718917.0,80.0
10718920.0,80.0
10718923.0,80.0
10719827.0,84.0
10720186.0,80.0
10720187.0,80.0
10720288.0,80.0
10720291.0,80.0
10720293.0,80.0
10720323.0,80.0
10720329.0,80.0
10720335.0,80.0
10720337.0,80.0
10720340.0,80.0
10720352.0,80.0
10720595.0,150.0
10720644.0,190.0
10720802.0,80.0
10720826.0,80.0
10720828.0,80.0
10720831.0,80.0
10720832.0,80.0
10721472.0,80.0
10721473.0,80.0
10721474.0,80.0
10721478.0,80.0
10721479.0,80.0
10721480.0,80.0
10721481.0,80.0
10721821.0,80.0
10721823.0,80.0
10721824.0,80.0
10721833.0,80.0
10721835.0,80.0
10721837.0,80.0
10721839.0,80.0
10721842.0,80.0
10721845.0,80.0
10721846.0,80.0
10721850.0,80.0
10721851.0,80.0
10721856.0,80.0
10722052.0,80.0
10722538.0,80.0
10722540.0,80.0
10722541.0,80.0
10722592.0,80.0
10722604.0,80.0
10722623.0,80.0
10722625.0,80.0
10722722.0,80.0
10722782.0,80.0
10722784.0,80.0
10722786.0,80.0
10722798.0,80.0
10722800.0,80.0
10722802.0,80.0
10722803.0,80.0
10722804.0,80.0
10722805.0,80.0
10723028.0,80.0
10723032.0,80.0
10723036.0,80.0
10723037.0,80.0
10723042.0,80.0
10723045.0,80.0
10723064.0,80.0
10723070.0,80.0
10723072.0,80.0
10723101.0,80.0
10723102.0,80.0
10723103.0,80.0
10723105.0,80.0
10723107.0,80.0
10723550.0,80.0
10723595.0,80.0
10724406.0,80.0
10724410.0,80.0
10724423.0,80.0
10724511.0,80.0
10724512.0,80.0
10724513.0,80.0
10724514.0,80.0
10724515.0,80.0
10724523.0,80.0
10724532.0,80.0
10724534.0,80.0
10724537.0,80.0
10724777.0,80.0
10724780.0,80.0
10724956.0,80.0
10724971.0,80.0
10725033.0,80.0
10725035.0,80.0
10725036.0,80.0
10725204.0,560.0
10725231.0,80.0
10725369.0,80.0
10725370.0,80.0
10725371.0,80.0
10725372.0,80.0
10725672.0,80.0
10725768.0,80.0
10726027.0,80.0
10726032.0,80.0
10726034.0,80.0
10726175.0,80.0
10726177.0,80.0
10726262.0,80.0
10726264.0,80.0
10727450.0,80.0
10727451.0,80.0
10727485.0,80.0
10727487.0,80.0
10727737.0,80.0
10727738.0,80.0
10727739.0,80.0
10727750.0,80.0
10727839.0,80.0
10727877.0,80.0
10728135.0,80.0
10728136.0,80.0
10728420.0,80.0
10728523.0,80.0
10728775.0,80.0
10728776.0,80.0
10728782.0,80.0
10728787.0,80.0
10728790.0,80.0
10729751.0,80.0
10729797.0,80.0
10729798.0,80.0
10729799.0,80.0
10729800.0,80.0
10729801.0,80.0
10729802.0,80.0
10729804.0,80.0
10729805.0,80.0
10729806.0,80.0
10729807.0,80.0
10729808.0,80.0
10729809.0,80.0
10729810.0,80.0
10729812.0,80.0
10729813.0,80.0
10729998.0,80.0
10730086.0,80.0
10730088.0,80.0
10730130.0,80.0
10730131.0,80.0
10730272.0,80.0
10730273.0,80.0
10730274.0,80.0
10730275.0,80.0
10730276.0,80.0
10730277.0,80.0
10730281.0,80.0
10730283.0,80.0
10730332.0,80.0
10730334.0,80.0
10730348.0,80.0
10730615.0,80.0
10730983.0,80.0
10730984.0,80.0
10730987.0,80.0
10731012.0,80.0
10731016.0,80.0
10731018.0,80.0
10731023.0,80.0
10731044.0,80.0
10731046.0,80.0
10731050.0,80.0
10731051.0,80.0
10731087.0,80.0
10731091.0,80.0
10731093.0,80.0
10731099.0,80.0
10731101.0,80.0
10731233.0,80.0
10731430.0,80.0
10731577.0,80.0
10731598.0,80.0
10731927.0,80.0
10731944.0,80.0
10731946.0,80.0
10731952.0,80.0
10731959.0,80.0
10731960.0,80.0
10731962.0,80.0
10732547.0,80.0
10732554.0,80.0
10732623.0,80.0
10732649.0,80.0
10732654.0,80.0
10732669.0,80.0
10732676.0,80.0
10732677.0,80.0
10732754.0,80.0
10734126.0,80.0
10734177.0,80.0
10734178.0,80.0
10734188.0,80.0
10734192.0,80.0
10734196.0,80.0
10734208.0,80.0
10734229.0,80.0
10734482.0,80.0
10734483.0,80.0
10734487.0,80.0
10734488.0,80.0
10734574.0,80.0
10734576.0,80.0
10734586.0,80.0
10734603.0,80.0
10734604.0,80.0
10734618.0,110.0
10734682.0,80.0
10734894.0,80.0
10734896.0,80.0
10735070.0,80.0
10735071.0,80.0
10735143.0,80.0
10735145.0,80.0
10735405.0,80.0
10735406.0,80.0
10735408.0,80.0
10735412.0,80.0
10735413.0,80.0
10735415.0,80.0
10735426.0,80.0
10735468.0,80.0
10735471.0,80.0
10735685.0,80.0
10735686.0,80.0
10735687.0,80.0
10735689.0,80.0
10735692.0,80.0
10735693.0,80.0
10735718.0,80.0
10735757.0,80.0
10735765.0,80.0
10735789.0,80.0
10735790.0,80.0
10735902.0,80.0
10735904.0,80.0
10735905.0,1540.0
10735909.0,980.0
10735926.0,80.0
10735930.0,80.0
10735940.0,80.0
10736428.0,80.0
10736451.0,80.0
10736476.0,80.0
10736477.0,80.0
10736656.0,80.0
10736659.0,80.0
10736665.0,80.0
10736688.0,80.0
10736689.0,80.0
10736701.0,80.0
10736832.0,80.0
10736835.0,80.0
10736861.0,80.0
10736863.0,80.0
10736899.0,84.0
10736935.0,80.0
10736937.0,80.0
10736964.0,80.0
10736967.0,80.0
10736982.0,80.0
10736984.0,80.0
10736985.0,80.0
10736987.0,80.0
10737159.0,80.0
10737161.0,80.0
10737223.0,80.0
10737225.0,80.0
10737227.0,80.0
10737238.0,80.0
10737239.0,80.0
10737414.0,80.0
10737418.0,80.0
10737419.0,80.0
10737523.0,80.0
10737783.0,80.0
10737784.0,80.0
10737786.0,80.0
10737830.0,80.0
10737833.0,80.0
10737941.0,80.0
10737942.0,80.0
10737943.0,80.0
10738422.0,80.0
10738424.0,80.0
10738425.0,80.0
10738490.0,80.0
10738491.0,80.0
10738542.0,80.0
10738545.0,80.0
10738547.0,80.0
10738917.0,80.0
10738925.0,80.0
10738934.0,80.0
10738936.0,80.0
10738985.0,80.0
10739000.0,80.0
10739003.0,80.0
10739007.0,80.0
10739143.0,80.0
10739144.0,80.0
10739145.0,80.0
10739146.0,80.0
10739174.0,80.0
10739175.0,80.0
10739176.0,80.0
10739178.0,80.0
10739714.0,80.0
10739717.0,80.0
10739718.0,80.0
10739795.0,80.0
10739803.0,80.0
10739804.0,80.0
10739955.0,80.0
10740328.0,80.0
10740640.0,80.0
10740641.0,80.0
10740659.0,80.0
10740663.0,80.0
10740743.0,80.0
10740748.0,80.0
10740750.0,80.0
10740753.0,80.0
10740756.0,80.0
10740761.0,80.0
10740762.0,80.0
10740763.0,80.0
10740766.0,110.0
10740772.0,80.0
10740773.0,80.0
10740774.0,80.0
10740775.0,80.0
10741312.0,80.0
10741313.0,80.0
10741314.0,80.0
10741315.0,80.0
10741321.0,80.0
10741328.0,80.0
10741351.0,80.0
10741364.0,80.0
10741422.0,80.0
10741427.0,80.0
10741439.0,80.0
10742126.0,80.0
10742135.0,80.0
10742140.0,80.0
10742730.0,80.0
10742756.0,80.0
10742771.0,80.0
10742858.0,80.0
10743032.0,80.0
10743041.0,80.0
10743047.0,80.0
10743051.0,80.0
10743054.0,80.0
10743060.0,80.0
10743234.0,80.0
10743351.0,80.0
10743447.0,130.0
10743581.0,80.0
10743814.0,80.0
10743815.0,80.0
10743834.0,80.0
10743841.0,130.0
10743843.0,80.0
10743844.0,80.0
10743846.0,80.0
10743847.0,80.0
10744266.0,90.0
10744283.0,199.55
10744284.0,80.0
10744812.0,80.0
10744864.0,80.0
10744968.0,80.0
10744974.0,80.0
10744993.0,80.0
10745008.0,80.0
10745184.0,80.0
10745185.0,80.0
10745186.0,80.0
10745199.0,80.0
10745203.0,80.0
10745205.0,80.0
10745208.0,80.0
10745253.0,80.0
10745258.0,80.0
10745260.0,80.0
10745261.0,80.0
10745264.0,80.0
10745798.0,80.0
10745832.0,80.0
10745834.0,80.0
10745840.0,80.0
10745845.0,80.0
10745854.0,80.0
10745860.0,80.0
10746139.0,80.0
10746216.0,80.0
10746272.0,80.0
10746554.0,80.0
10746618.0,80.0
10746624.0,80.0
10746669.0,80.0
10746671.0,80.0
10746676.0,80.0
10746680.0,80.0
10746685.0,80.0
10746765.0,80.0
10746766.0,80.0
10746769.0,80.0
10746831.0,80.0
10746947.0,80.0
10747027.0,80.0
10747028.0,80.0
10747410.0,80.0
10747412.0,80.0
10747414.0,80.0
10747415.0,80.0
10747445.0,80.0
10747446.0,80.0
10747449.0,80.0
10747451.0,80.0
10747455.0,80.0
10747521.0,80.0
10747826.0,80.0
10747978.0,80.0
10748292.0,80.0
10748816.0,80.0
10748819.0,80.0
10748870.0,80.0
10748872.0,80.0
10748873.0,80.0
10748905.0,80.0
10748908.0,80.0
10748944.0,80.0
10748945.0,80.0
10748948.0,80.0
10748983.0,80.0
10748984.0,80.0
10748985.0,80.0
10749262.0,80.0
10749268.0,80.0
10749279.0,80.0
10749340.0,80.0
10749343.0,80.0
10749600.0,80.0
10749601.0,80.0
10750512.0,80.0
10750570.0,80.0
10750701.0,80.0
10750702.0,80.0
10750706.0,80.0
10750742.0,80.0
10750743.0,80.0
10750748.0,80.0
10750750.0,80.0
10751087.0,80.0
10751088.0,80.0
10751112.0,80.0
10751113.0,80.0
10751115.0,80.0
10751469.0,80.0
10751473.0,80.0
10751477.0,80.0
10752088.0,80.0
10752089.0,80.0
10752621.0,80.0
10752791.0,80.0
10752918.0,80.0
10752926.0,80.0
10752930.0,80.0
10752933.0,80.0
10752936.0,80.0
10752939.0,80.0
10753046.0,80.0
10753050.0,80.0
10753052.0,80.0
10753744.0,100.0
10753776.0,80.0
10753779.0,80.0
10753781.0,80.0
10753782.0,80.0
10753814.0,80.0
10753816.0,80.0
10753819.0,80.0
10754467.0,80.0
10754474.0,80.0
10754817.0,80.0
10755453.0,80.0
10755847.0,80.0
10756080.0,80.0
10756081.0,80.0
10756082.0,80.0
10756165.0,80.0
10756634.0,80.0
10756711.0,80.0
10756761.0,80.0
10756764.0,80.0
10756765.0,80.0
10756819.0,80.0
10756821.0,80.0
10756822.0,80.0
10757355.0,80.0
10757357.0,80.0
10757360.0,80.0
10757420.0,80.0
10757422.0,80.0
10757424.0,80.0
10757441.0,80.0
10757442.0,80.0
10757444.0,80.0
10757457.0,80.0
10757458.0,80.0
10757459.0,80.0
10757544.0,80.0
10758143.0,120.0
10758257.0,160.93000000000004
10758507.0,80.0
10758508.0,80.0
10758509.0,80.0
10758514.0,80.0
10758518.0,80.0
10758685.0,80.0
10758693.0,80.0
10758784.0,150.0
10758819.0,150.0
10758851.0,150.0
10758933.0,150.0
10759003.0,80.0
10759004.0,80.0
10759337.0,80.0
10759342.0,80.0
10759344.0,80.0
10759388.0,80.0
10759392.0,80.0
10759396.0,80.0
10759421.0,80.0
10760739.0,80.0
10761774.0,80.0
10761775.0,80.0
10761777.0,80.0
10762999.0,130.0
10763008.0,130.0
10763032.0,130.0
10763334.0,130.0
10763501.0,130.0
10763573.0,130.0
10764718.0,230.0
