conta,sum,outlier
10027762.0,760.0,Outlier
10031329.0,84.0,Normal
10038488.0,1980.0,Outlier
10045509.0,1783.04,Outlier
10045790.0,1426.72,Outlier
10047824.0,440.0,Outlier
10048142.0,1180.0,Outlier
10048566.0,84.0,Normal
10048567.0,84.0,Normal
10064905.0,84.33,Normal
10064906.0,84.33,Normal
10071568.0,390.0,Normal
10071636.0,1950.0,Outlier
10071719.0,2080.0,Outlier
10071757.0,520.0,Outlier
10072268.0,1260.0,Outlier
10073040.0,1140.0,Outlier
10076547.0,400.0,Normal
10076839.0,1426.72,Outlier
10076943.0,891.07,Outlier
10076961.0,891.07,Outlier
10087430.0,800.0,Outlier
10090401.0,84.0,Normal
10090403.0,84.0,Normal
10094136.0,236.0,Normal
10094874.0,84.0,Normal
10101910.0,760.0,Outlier
10102382.0,84.0,Normal
10102385.0,84.0,Normal
10102736.0,1540.0,Outlier
10104444.0,84.0,Normal
10107235.0,84.33,Normal
10107236.0,84.33,Normal
10114521.0,84.0,Normal
10114523.0,84.0,Normal
10114525.0,84.0,Normal
10114526.0,84.0,Normal
10123716.0,650.0,Outlier
10123718.0,1820.0,Outlier
10124284.0,1690.0,Outlier
10124445.0,370.0,Normal
10124917.0,1070.04,Outlier
10124927.0,713.36,Outlier
10124931.0,1783.04,Outlier
10136700.0,1170.4,Outlier
10138489.0,84.0,Normal
10151682.0,190.0,Normal
10152277.0,84.0,Normal
10156115.0,84.0,Normal
10167627.0,760.0,Outlier
10169083.0,84.33,Normal
10170777.0,84.0,Normal
10170779.0,84.0,Normal
10170780.0,84.0,Normal
10171060.0,110.0,Normal
10179812.0,84.0,Normal
10181715.0,199.505,Normal
10181717.0,199.505,Normal
10181776.0,199.505,Normal
10181782.0,199.505,Normal
10181914.0,110.0,Normal
10182075.0,130.0,Normal
10182104.0,130.0,Normal
10182157.0,130.0,Normal
10182266.0,130.0,Normal
10182343.0,130.0,Normal
10183934.0,185.0,Normal
10184034.0,185.0,Normal
10184362.0,146.29999999999998,Normal
10197338.0,84.0,Normal
10204219.0,855.0,Outlier
10205858.0,190.0,Normal
10205865.0,110.0,Normal
10209727.0,84.0,Normal
10209731.0,84.0,Normal
10226708.0,126.0,Normal
10226709.0,126.0,Normal
10226713.0,126.0,Normal
10227540.0,185.0,Normal
10228237.0,100.0,Normal
10228257.0,100.0,Normal
10228318.0,100.0,Normal
10233003.0,130.0,Normal
10233033.0,130.0,Normal
10233124.0,130.0,Normal
10233136.0,130.0,Normal
10233200.0,90.0,Normal
10233223.0,130.0,Normal
10240648.0,199.55000000000004,Normal
10240734.0,84.33,Normal
10240735.0,84.33,Normal
10240930.0,84.33,Normal
10241918.0,146.3,Normal
10242304.0,210.0,Normal
10247037.0,90.0,Normal
10247937.0,199.55,Normal
10248022.0,199.55000000000004,Normal
10251777.0,84.0,Normal
10252342.0,199.55,Normal
10267204.0,190.0,Normal
10267335.0,760.0,Outlier
10268209.0,84.33,Normal
10268210.0,84.33,Normal
10271713.0,84.0,Normal
10271718.0,84.0,Normal
10271721.0,84.0,Normal
10271724.0,84.0,Normal
10271726.0,84.0,Normal
10273264.0,110.0,Normal
10281158.0,110.0,Normal
10285851.0,90.0,Normal
10285867.0,199.51666666666665,Normal
10285873.0,130.0,Normal
10287160.0,130.0,Normal
10287230.0,130.0,Normal
10287248.0,130.0,Normal
10289043.0,146.29999999999998,Normal
10289289.0,84.0,Normal
10289292.0,84.0,Normal
10291254.0,199.505,Normal
10294185.0,199.51666666666665,Normal
10294247.0,210.0,Normal
10294378.0,185.0,Normal
10294379.0,130.0,Normal
10294771.0,90.0,Normal
10296938.0,199.55,Normal
10309817.0,760.0,Outlier
10312580.0,520.0,Outlier
10312813.0,84.0,Normal
10312816.0,84.0,Normal
10312818.0,84.0,Normal
10318775.0,150.0,Normal
10325710.0,316.6666666666667,Normal
10328434.0,110.0,Normal
10328456.0,110.0,Normal
10328572.0,90.0,Normal
10330428.0,84.0,Normal
10330431.0,84.0,Normal
10330432.0,84.0,Normal
10330433.0,84.0,Normal
10336441.0,90.0,Normal
10340582.0,84.33,Normal
10340599.0,84.33,Normal
10341699.0,130.0,Normal
10342117.0,130.0,Normal
10342172.0,130.0,Normal
10342519.0,130.0,Normal
10342581.0,130.0,Normal
10342663.0,199.505,Normal
10343009.0,210.0,Normal
10343244.0,146.20000000000002,Normal
10344203.0,199.6625,Normal
10344393.0,80.0,Normal
10344946.0,157.31,Normal
10346607.0,190.0,Normal
10357432.0,84.0,Normal
10358243.0,120.0,Normal
10359369.0,110.0,Normal
10364154.0,150.0,Normal
10364879.0,84.0,Normal
10364881.0,84.0,Normal
10366913.0,199.55,Normal
10372055.0,500.0,Outlier
10372220.0,855.0,Outlier
10374981.0,84.0,Normal
10376004.0,84.33,Normal
10376057.0,252.99,Normal
10376171.0,84.33,Normal
10389808.0,80.0,Normal
10390122.0,90.0,Normal
10390240.0,185.0,Normal
10391502.0,130.0,Normal
10391587.0,130.0,Normal
10392116.0,130.0,Normal
10392130.0,130.0,Normal
10392139.0,130.0,Normal
10392340.0,80.0,Normal
10392342.0,80.0,Normal
10392343.0,80.0,Normal
10392652.0,210.0,Normal
10393696.0,80.0,Normal
10393697.0,80.0,Normal
10393698.0,80.0,Normal
10395161.0,80.0,Normal
10395167.0,80.0,Normal
10395226.0,110.0,Normal
10395375.0,110.0,Normal
10395694.0,80.0,Normal
10395696.0,80.0,Normal
10396469.0,80.0,Normal
10396474.0,80.0,Normal
10396475.0,80.0,Normal
10396750.0,80.0,Normal
10396753.0,80.0,Normal
10397251.0,80.0,Normal
10397252.0,80.0,Normal
10397255.0,120.0,Normal
10397381.0,90.0,Normal
10397533.0,80.0,Normal
10398264.0,80.0,Normal
10398265.0,80.0,Normal
10398267.0,80.0,Normal
10398753.0,84.0,Normal
10398756.0,84.0,Normal
10398758.0,84.0,Normal
10398999.0,80.0,Normal
10399000.0,80.0,Normal
10400586.0,80.0,Normal
10400712.0,80.0,Normal
10401587.0,157.31,Normal
10401619.0,80.0,Normal
10401914.0,80.0,Normal
10402285.0,80.0,Normal
10402289.0,80.0,Normal
10402291.0,80.0,Normal
10402745.0,80.0,Normal
10402748.0,80.0,Normal
10403998.0,80.0,Normal
10404008.0,80.0,Normal
10404373.0,146.3,Normal
10404546.0,202.25,Normal
10407093.0,520.0,Outlier
10407109.0,400.0,Normal
10407111.0,80.0,Normal
10407112.0,855.0,Outlier
10407113.0,80.0,Normal
10407128.0,80.0,Normal
10410720.0,190.0,Normal
10410776.0,80.0,Normal
10410777.0,80.0,Normal
10410780.0,80.0,Normal
10412580.0,80.0,Normal
10412582.0,80.0,Normal
10413830.0,80.0,Normal
10413832.0,80.0,Normal
10414899.0,5070.0,Outlier
10414945.0,390.0,Normal
10416332.0,80.0,Normal
10416334.0,80.0,Normal
10416461.0,80.0,Normal
10416464.0,80.0,Normal
10416468.0,80.0,Normal
10418128.0,80.0,Normal
10418129.0,80.0,Normal
10418130.0,80.0,Normal
10418147.0,80.0,Normal
10419172.0,150.0,Normal
10419350.0,80.0,Normal
10419354.0,80.0,Normal
10419456.0,199.55,Normal
10420983.0,80.0,Normal
10420985.0,80.0,Normal
10421018.0,80.0,Normal
10421021.0,80.0,Normal
10421430.0,80.0,Normal
10421437.0,80.0,Normal
10421441.0,80.0,Normal
10421538.0,80.0,Normal
10421541.0,80.0,Normal
10422187.0,100.0,Normal
10423145.0,80.0,Normal
10423146.0,80.0,Normal
10423532.0,84.0,Normal
10423628.0,130.0,Normal
10423707.0,130.0,Normal
10423752.0,130.0,Normal
10423852.0,130.0,Normal
10424051.0,130.0,Normal
10424142.0,130.0,Normal
10424395.0,80.0,Normal
10424419.0,80.0,Normal
10424674.0,130.0,Normal
10424738.0,80.0,Normal
10424741.0,80.0,Normal
10425007.0,100.0,Normal
10428513.0,80.0,Normal
10428514.0,80.0,Normal
10428515.0,80.0,Normal
10428601.0,80.0,Normal
10428622.0,80.0,Normal
10429106.0,80.0,Normal
10429107.0,80.0,Normal
10429248.0,80.0,Normal
10429249.0,80.0,Normal
10429251.0,80.0,Normal
10430597.0,80.0,Normal
10430600.0,80.0,Normal
10430603.0,110.0,Normal
10432384.0,80.0,Normal
10432387.0,80.0,Normal
10432390.0,80.0,Normal
10433143.0,80.0,Normal
10435400.0,80.0,Normal
10435401.0,80.0,Normal
10435404.0,80.0,Normal
10435411.0,80.0,Normal
10435420.0,80.0,Normal
10435709.0,225.0,Normal
10439199.0,80.0,Normal
10439200.0,80.0,Normal
10439202.0,80.0,Normal
10439803.0,80.0,Normal
10440250.0,80.0,Normal
10440256.0,80.0,Normal
10440292.0,120.0,Normal
10441237.0,90.38,Normal
10441242.0,90.38,Normal
10441307.0,90.38,Normal
10442813.0,80.0,Normal
10442815.0,80.0,Normal
10442829.0,80.0,Normal
10442903.0,190.0,Normal
10443193.0,80.0,Normal
10443194.0,80.0,Normal
10443198.0,80.0,Normal
10443249.0,80.0,Normal
10443250.0,80.0,Normal
10443737.0,110.0,Normal
10443762.0,6.06,Outlier
10443935.0,80.0,Normal
10443943.0,80.0,Normal
10444250.0,110.0,Normal
10444764.0,80.0,Normal
10444770.0,80.0,Normal
10445157.0,80.0,Normal
10446049.0,84.0,Normal
10446050.0,84.0,Normal
10446051.0,84.0,Normal
10446056.0,84.0,Normal
10446066.0,80.0,Normal
10446069.0,80.0,Normal
10446072.0,80.0,Normal
10446324.0,80.0,Normal
10446327.0,80.0,Normal
10448357.0,80.0,Normal
10448361.0,80.0,Normal
10448364.0,80.0,Normal
10448701.0,80.0,Normal
10448702.0,80.0,Normal
10448957.0,80.0,Normal
10449028.0,80.0,Normal
10449031.0,80.0,Normal
10449036.0,80.0,Normal
10449600.0,80.0,Normal
10449808.0,80.0,Normal
10451471.0,80.0,Normal
10451488.0,80.0,Normal
10451490.0,80.0,Normal
10452372.0,80.0,Normal
10452375.0,80.0,Normal
10452760.0,80.0,Normal
10452895.0,80.0,Normal
10452896.0,80.0,Normal
10453123.0,80.0,Normal
10453296.0,80.0,Normal
10453300.0,80.0,Normal
10453471.0,300.0,Normal
10453494.0,780.0,Outlier
10453497.0,520.0,Outlier
10453525.0,80.0,Normal
10453862.0,855.0,Outlier
10455172.0,80.0,Normal
10455576.0,202.25,Normal
10455676.0,80.0,Normal
10455679.0,80.0,Normal
10455711.0,80.0,Normal
10456268.0,80.0,Normal
10456271.0,80.0,Normal
10456403.0,80.0,Normal
10456846.0,80.0,Normal
10457235.0,80.0,Normal
10457239.0,80.0,Normal
10457251.0,80.0,Normal
10457265.0,80.0,Normal
10457400.0,80.0,Normal
10457828.0,80.0,Normal
10457831.0,80.0,Normal
10457882.0,80.0,Normal
10458341.0,80.0,Normal
10458343.0,80.0,Normal
10458828.0,80.0,Normal
10458840.0,80.0,Normal
10459943.0,80.0,Normal
10459994.0,80.0,Normal
10460072.0,80.0,Normal
10460102.0,80.0,Normal
10460107.0,80.0,Normal
10460244.0,80.0,Normal
10460520.0,80.0,Normal
10460618.0,157.31,Normal
10460632.0,150.0,Normal
10460698.0,80.0,Normal
10460703.0,80.0,Normal
10460709.0,80.0,Normal
10460917.0,80.0,Normal
10460918.0,80.0,Normal
10461296.0,80.0,Normal
10461305.0,80.0,Normal
10461701.0,80.0,Normal
10461902.0,80.0,Normal
10462859.0,80.0,Normal
10462861.0,80.0,Normal
10463948.0,80.0,Normal
10463950.0,80.0,Normal
10464583.0,80.0,Normal
10464603.0,80.0,Normal
10464637.0,80.0,Normal
10464737.0,80.0,Normal
10464791.0,80.0,Normal
10464794.0,80.0,Normal
10464801.0,80.0,Normal
10466051.0,80.0,Normal
10466053.0,80.0,Normal
10466056.0,80.0,Normal
10466062.0,80.0,Normal
10466516.0,80.0,Normal
10466535.0,80.0,Normal
10466909.0,80.0,Normal
10466911.0,80.0,Normal
10467689.0,520.0,Outlier
10467715.0,80.0,Normal
10467724.0,80.0,Normal
10468004.0,80.0,Normal
10468009.0,80.0,Normal
10468011.0,80.0,Normal
10468057.0,80.0,Normal
10468093.0,80.0,Normal
10468161.0,80.0,Normal
10468164.0,80.0,Normal
10468168.0,80.0,Normal
10468178.0,199.55,Normal
10468391.0,80.0,Normal
10468399.0,80.0,Normal
10468674.0,80.0,Normal
10468740.0,80.0,Normal
10468744.0,80.0,Normal
10468745.0,80.0,Normal
10468853.0,80.0,Normal
10468867.0,80.0,Normal
10468871.0,80.0,Normal
10468906.0,84.0,Normal
10468909.0,84.0,Normal
10468912.0,84.0,Normal
10468991.0,80.0,Normal
10468992.0,80.0,Normal
10469737.0,80.0,Normal
10469946.0,80.0,Normal
10471464.0,80.0,Normal
10471472.0,80.0,Normal
10471704.0,80.0,Normal
10471803.0,80.0,Normal
10471821.0,80.0,Normal
10471822.0,80.0,Normal
10472249.0,80.0,Normal
10472250.0,80.0,Normal
10472268.0,80.0,Normal
10472270.0,80.0,Normal
10472271.0,80.0,Normal
10472272.0,80.0,Normal
10472276.0,80.0,Normal
10472277.0,80.0,Normal
10472336.0,80.0,Normal
10473000.0,80.0,Normal
10473094.0,199.55,Normal
10473200.0,80.0,Normal
10473202.0,80.0,Normal
10473204.0,80.0,Normal
10473245.0,199.55,Normal
10473328.0,160.93000000000004,Normal
10476534.0,80.0,Normal
10476720.0,80.0,Normal
10476742.0,80.0,Normal
10476745.0,80.0,Normal
10476753.0,80.0,Normal
10477372.0,80.0,Normal
10477914.0,80.0,Normal
10477940.0,80.0,Normal
10477946.0,80.0,Normal
10477947.0,80.0,Normal
10477949.0,80.0,Normal
10478111.0,80.0,Normal
10478420.0,80.0,Normal
10479782.0,80.0,Normal
10479792.0,80.0,Normal
10480222.0,80.0,Normal
10480235.0,80.0,Normal
10480374.0,80.0,Normal
10480408.0,80.0,Normal
10480497.0,80.0,Normal
10480611.0,90.0,Normal
10480633.0,80.0,Normal
10481180.0,80.0,Normal
10481186.0,80.0,Normal
10481679.0,80.0,Normal
10481779.0,80.0,Normal
10481868.0,80.0,Normal
10481871.0,80.0,Normal
10483202.0,80.0,Normal
10483616.0,80.0,Normal
10483772.0,80.0,Normal
10483774.0,80.0,Normal
10484015.0,230.0,Normal
10484063.0,100.0,Normal
10484068.0,80.0,Normal
10484076.0,80.0,Normal
10484086.0,80.0,Normal
10484090.0,80.0,Normal
10484091.0,80.0,Normal
10484178.0,199.55,Normal
10484216.0,130.0,Normal
10484245.0,130.0,Normal
10484333.0,130.0,Normal
10484355.0,130.0,Normal
10484370.0,130.0,Normal
10484424.0,130.0,Normal
10484947.0,80.0,Normal
10484951.0,80.0,Normal
10484955.0,80.0,Normal
10484957.0,80.0,Normal
10484959.0,80.0,Normal
10484961.0,80.0,Normal
10485410.0,80.0,Normal
10485516.0,80.0,Normal
10485560.0,80.0,Normal
10485561.0,80.0,Normal
10485597.0,80.0,Normal
10485598.0,80.0,Normal
10485599.0,80.0,Normal
10485645.0,80.0,Normal
10485727.0,80.0,Normal
10485772.0,80.0,Normal
10485802.0,80.0,Normal
10485836.0,80.0,Normal
10485838.0,80.0,Normal
10485847.0,80.0,Normal
10485850.0,80.0,Normal
10486245.0,80.0,Normal
10486262.0,80.0,Normal
10486264.0,80.0,Normal
10486274.0,80.0,Normal
10486555.0,130.0,Normal
10486668.0,80.0,Normal
10486669.0,80.0,Normal
10486671.0,80.0,Normal
10486799.0,80.0,Normal
10486800.0,80.0,Normal
10486808.0,80.0,Normal
10487102.0,80.0,Normal
10487402.0,80.0,Normal
10487409.0,80.0,Normal
10487548.0,80.0,Normal
10487550.0,80.0,Normal
10487590.0,80.0,Normal
10487593.0,80.0,Normal
10488779.0,80.0,Normal
10488781.0,80.0,Normal
10488850.0,80.0,Normal
10488851.0,80.0,Normal
10489229.0,80.0,Normal
10489268.0,80.0,Normal
10489269.0,80.0,Normal
10489279.0,80.0,Normal
10489280.0,80.0,Normal
10489897.0,120.0,Normal
10490095.0,120.0,Normal
10490131.0,120.0,Normal
10490348.0,80.0,Normal
10490350.0,80.0,Normal
10490370.0,80.0,Normal
10490492.0,80.0,Normal
10490547.0,80.0,Normal
10490704.0,80.0,Normal
10491063.0,80.0,Normal
10491278.0,80.0,Normal
10491283.0,80.0,Normal
10491284.0,80.0,Normal
10491550.0,80.0,Normal
10491633.0,80.0,Normal
10491673.0,80.0,Normal
10491727.0,80.0,Normal
10491730.0,80.0,Normal
10491738.0,80.0,Normal
10492427.0,80.0,Normal
10492912.0,190.0,Normal
10493060.0,80.0,Normal
10493062.0,80.0,Normal
10493068.0,80.0,Normal
10493073.0,80.0,Normal
10493075.0,80.0,Normal
10493700.0,80.0,Normal
10493707.0,80.0,Normal
10493709.0,80.0,Normal
10493711.0,80.0,Normal
10494176.0,80.0,Normal
10494458.0,80.0,Normal
10494477.0,80.0,Normal
10494563.0,80.0,Normal
10494565.0,80.0,Normal
10494566.0,80.0,Normal
10494569.0,80.0,Normal
10494571.0,80.0,Normal
10494572.0,80.0,Normal
10494824.0,80.0,Normal
10494825.0,80.0,Normal
10494827.0,80.0,Normal
10495078.0,80.0,Normal
10495089.0,80.0,Normal
10495097.0,80.0,Normal
10495107.0,80.0,Normal
10495728.0,80.0,Normal
10498965.0,80.0,Normal
10498967.0,80.0,Normal
10499165.0,80.0,Normal
10499555.0,80.0,Normal
10499557.0,80.0,Normal
10499598.0,80.0,Normal
10499599.0,80.0,Normal
10499605.0,80.0,Normal
10499607.0,80.0,Normal
10499830.0,80.0,Normal
10500679.0,202.25,Normal
10500743.0,80.0,Normal
10500745.0,80.0,Normal
10500750.0,80.0,Normal
10500758.0,80.0,Normal
10500769.0,80.0,Normal
10500770.0,80.0,Normal
10500771.0,110.0,Normal
10501199.0,80.0,Normal
10501391.0,110.0,Normal
10501560.0,110.0,Normal
10501632.0,80.0,Normal
10501741.0,80.0,Normal
10501742.0,80.0,Normal
10501743.0,80.0,Normal
10501744.0,80.0,Normal
10501745.0,80.0,Normal
10501768.0,80.0,Normal
10501951.0,80.0,Normal
10503460.0,80.0,Normal
10503527.0,80.0,Normal
10503533.0,80.0,Normal
10503580.0,80.0,Normal
10503589.0,80.0,Normal
10503591.0,80.0,Normal
10503632.0,80.0,Normal
10503634.0,80.0,Normal
10504054.0,225.0,Normal
10504055.0,80.0,Normal
10504057.0,80.0,Normal
10504061.0,80.0,Normal
10504063.0,80.0,Normal
10504065.0,80.0,Normal
10504066.0,80.0,Normal
10504214.0,80.0,Normal
10504217.0,80.0,Normal
10505473.0,600.0,Outlier
10505597.0,760.0,Outlier
10505756.0,910.0,Outlier
10505930.0,780.0,Outlier
10506167.0,80.0,Normal
10506242.0,80.0,Normal
10506267.0,80.0,Normal
10506281.0,80.0,Normal
10506282.0,80.0,Normal
10506283.0,80.0,Normal
10506443.0,80.0,Normal
10506444.0,80.0,Normal
10506445.0,80.0,Normal
10506516.0,80.0,Normal
10506528.0,80.0,Normal
10506529.0,80.0,Normal
10506544.0,80.0,Normal
10506555.0,80.0,Normal
10507464.0,80.0,Normal
10507476.0,80.0,Normal
10507482.0,80.0,Normal
10507483.0,80.0,Normal
10507485.0,84.0,Normal
10507489.0,84.0,Normal
10507490.0,84.0,Normal
10507494.0,84.0,Normal
10507501.0,80.0,Normal
10507502.0,80.0,Normal
10507504.0,80.0,Normal
10507564.0,80.0,Normal
10507755.0,80.0,Normal
10508020.0,80.0,Normal
10508022.0,80.0,Normal
10508481.0,80.0,Normal
10508483.0,80.0,Normal
10510684.0,80.0,Normal
10510686.0,80.0,Normal
10510687.0,80.0,Normal
10510836.0,80.0,Normal
10511648.0,80.0,Normal
10511752.0,80.0,Normal
10511848.0,80.0,Normal
10511850.0,80.0,Normal
10511984.0,80.0,Normal
10511987.0,80.0,Normal
10511990.0,80.0,Normal
10512001.0,80.0,Normal
10512003.0,80.0,Normal
10512005.0,80.0,Normal
10512020.0,80.0,Normal
10512022.0,80.0,Normal
10512062.0,80.0,Normal
10514175.0,80.0,Normal
10514177.0,80.0,Normal
10514181.0,80.0,Normal
10514268.0,80.0,Normal
10514353.0,80.0,Normal
10514764.0,80.0,Normal
10515501.0,80.0,Normal
10515795.0,80.0,Normal
10515822.0,80.0,Normal
10515853.0,80.0,Normal
10516166.0,80.0,Normal
10516287.0,80.0,Normal
10516429.0,80.0,Normal
10516920.0,80.0,Normal
10517062.0,80.0,Normal
10517067.0,80.0,Normal
10517078.0,80.0,Normal
10517085.0,80.0,Normal
10517122.0,80.0,Normal
10517129.0,80.0,Normal
10517283.0,80.0,Normal
10517460.0,80.0,Normal
10517569.0,80.0,Normal
10518132.0,80.0,Normal
10518133.0,80.0,Normal
10518134.0,80.0,Normal
10518135.0,80.0,Normal
10518136.0,80.0,Normal
10518137.0,80.0,Normal
10518139.0,80.0,Normal
10518140.0,80.0,Normal
10518672.0,80.0,Normal
10518715.0,80.0,Normal
10518718.0,80.0,Normal
10518720.0,80.0,Normal
10519205.0,80.0,Normal
10519206.0,80.0,Normal
10519533.0,80.0,Normal
10519536.0,110.0,Normal
10519547.0,80.0,Normal
10519563.0,80.0,Normal
10519598.0,84.0,Normal
10519761.0,80.0,Normal
10519784.0,80.0,Normal
10519790.0,80.0,Normal
10519794.0,80.0,Normal
10519795.0,80.0,Normal
10519797.0,80.0,Normal
10519800.0,80.0,Normal
10519801.0,80.0,Normal
10519847.0,80.0,Normal
10520131.0,150.0,Normal
10520240.0,80.0,Normal
10520621.0,80.0,Normal
10520649.0,80.0,Normal
10520660.0,80.0,Normal
10520679.0,80.0,Normal
10520689.0,80.0,Normal
10520692.0,80.0,Normal
10520702.0,80.0,Normal
10521052.0,80.0,Normal
10521267.0,80.0,Normal
10521289.0,80.0,Normal
10522031.0,80.0,Normal
10522042.0,80.0,Normal
10524223.0,80.0,Normal
10524225.0,80.0,Normal
10524226.0,80.0,Normal
10524227.0,80.0,Normal
10524836.0,80.0,Normal
10525455.0,80.0,Normal
10525638.0,80.0,Normal
10525639.0,80.0,Normal
10525640.0,80.0,Normal
10525642.0,80.0,Normal
10525650.0,80.0,Normal
10526247.0,80.0,Normal
10526250.0,130.0,Normal
10526358.0,130.0,Normal
10526561.0,80.0,Normal
10526749.0,80.0,Normal
10526777.0,80.0,Normal
10526782.0,80.0,Normal
10526936.0,199.55000000000004,Normal
10526994.0,199.55000000000004,Normal
10527048.0,199.55,Normal
10527097.0,230.0,Normal
10527134.0,160.93000000000004,Normal
10527337.0,80.0,Normal
10527349.0,80.0,Normal
10527355.0,80.0,Normal
10527362.0,80.0,Normal
10527493.0,80.0,Normal
10527511.0,80.0,Normal
10528347.0,80.0,Normal
10528359.0,80.0,Normal
10528360.0,80.0,Normal
10528364.0,80.0,Normal
10528366.0,80.0,Normal
10528374.0,80.0,Normal
10528432.0,80.0,Normal
10528434.0,80.0,Normal
10528435.0,80.0,Normal
10528652.0,80.0,Normal
10528804.0,80.0,Normal
10529330.0,100.0,Normal
10529453.0,80.0,Normal
10529456.0,80.0,Normal
10529457.0,80.0,Normal
10529503.0,80.0,Normal
10529505.0,80.0,Normal
10529506.0,80.0,Normal
10529550.0,80.0,Normal
10529551.0,80.0,Normal
10529555.0,80.0,Normal
10529559.0,80.0,Normal
10529574.0,80.0,Normal
10529959.0,80.0,Normal
10530273.0,80.0,Normal
10531391.0,80.0,Normal
10531399.0,80.0,Normal
10531405.0,80.0,Normal
10531633.0,130.0,Normal
10531649.0,130.0,Normal
10532235.0,130.0,Normal
10532556.0,130.0,Normal
10533118.0,80.0,Normal
10533123.0,80.0,Normal
10533126.0,80.0,Normal
10533512.0,80.0,Normal
10533692.0,80.0,Normal
10533880.0,80.0,Normal
10533886.0,80.0,Normal
10533912.0,80.0,Normal
10533931.0,80.0,Normal
10533985.0,80.0,Normal
10534250.0,80.0,Normal
10534254.0,80.0,Normal
10534497.0,80.0,Normal
10534682.0,110.0,Normal
10535730.0,80.0,Normal
10536396.0,80.0,Normal
10536408.0,80.0,Normal
10536412.0,80.0,Normal
10536414.0,80.0,Normal
10536435.0,80.0,Normal
10536439.0,80.0,Normal
10536444.0,80.0,Normal
10536456.0,80.0,Normal
10536462.0,80.0,Normal
10536465.0,80.0,Normal
10536471.0,80.0,Normal
10536497.0,80.0,Normal
10536606.0,80.0,Normal
10536608.0,80.0,Normal
10536687.0,80.0,Normal
10537805.0,80.0,Normal
10537808.0,80.0,Normal
10537841.0,80.0,Normal
10537894.0,80.0,Normal
10537900.0,80.0,Normal
10537912.0,80.0,Normal
10537977.0,80.0,Normal
10539304.0,80.0,Normal
10539305.0,80.0,Normal
10539332.0,80.0,Normal
10539335.0,80.0,Normal
10539368.0,80.0,Normal
10542282.0,80.0,Normal
10542284.0,80.0,Normal
10542362.0,80.0,Normal
10543995.0,80.0,Normal
10543996.0,80.0,Normal
10543997.0,80.0,Normal
10544567.0,80.0,Normal
10544570.0,80.0,Normal
10544571.0,80.0,Normal
10544573.0,80.0,Normal
10544577.0,80.0,Normal
10544584.0,80.0,Normal
10544586.0,80.0,Normal
10544619.0,80.0,Normal
10544623.0,80.0,Normal
10544624.0,80.0,Normal
10544625.0,80.0,Normal
10544747.0,80.0,Normal
10544928.0,150.0,Normal
10544953.0,80.0,Normal
10544955.0,80.0,Normal
10544957.0,80.0,Normal
10544976.0,80.0,Normal
10544978.0,80.0,Normal
10544980.0,80.0,Normal
10545367.0,80.0,Normal
10545374.0,80.0,Normal
10545815.0,80.0,Normal
10545967.0,80.0,Normal
10545968.0,80.0,Normal
10545970.0,80.0,Normal
10545971.0,80.0,Normal
10545973.0,80.0,Normal
10545974.0,80.0,Normal
10545975.0,80.0,Normal
10546036.0,80.0,Normal
10546217.0,90.0,Normal
10546218.0,80.0,Normal
10546532.0,80.0,Normal
10546534.0,80.0,Normal
10546535.0,80.0,Normal
10546545.0,80.0,Normal
10546549.0,80.0,Normal
10546569.0,80.0,Normal
10546571.0,80.0,Normal
10546572.0,80.0,Normal
10546716.0,80.0,Normal
10546719.0,80.0,Normal
10546724.0,80.0,Normal
10546779.0,80.0,Normal
10546862.0,80.0,Normal
10546911.0,80.0,Normal
10547407.0,130.0,Normal
10547482.0,130.0,Normal
10547506.0,80.0,Normal
10547508.0,80.0,Normal
10547521.0,80.0,Normal
10547524.0,80.0,Normal
10547527.0,80.0,Normal
10547532.0,80.0,Normal
10547534.0,80.0,Normal
10547541.0,80.0,Normal
10547543.0,80.0,Normal
10547544.0,80.0,Normal
10547569.0,80.0,Normal
10547570.0,80.0,Normal
10547571.0,80.0,Normal
10547792.0,84.0,Normal
10548115.0,120.0,Normal
10548148.0,120.0,Normal
10548255.0,80.0,Normal
10548258.0,80.0,Normal
10548264.0,80.0,Normal
10548274.0,80.0,Normal
10548286.0,120.0,Normal
10548304.0,80.0,Normal
10548307.0,120.0,Normal
10548518.0,80.0,Normal
10548525.0,80.0,Normal
10548554.0,80.0,Normal
10548683.0,80.0,Normal
10548851.0,80.0,Normal
10548908.0,157.31,Normal
10549103.0,120.0,Normal
10549584.0,80.0,Normal
10549588.0,80.0,Normal
10549675.0,80.0,Normal
10549680.0,80.0,Normal
10549689.0,80.0,Normal
10549690.0,80.0,Normal
10549691.0,80.0,Normal
10549765.0,80.0,Normal
10549775.0,80.0,Normal
10549781.0,80.0,Normal
10549790.0,80.0,Normal
10549807.0,80.0,Normal
10549810.0,80.0,Normal
10549813.0,80.0,Normal
10550659.0,80.0,Normal
10550766.0,80.0,Normal
10550938.0,80.0,Normal
10550940.0,80.0,Normal
10550944.0,80.0,Normal
10550951.0,80.0,Normal
10551492.0,80.0,Normal
10551493.0,80.0,Normal
10551494.0,80.0,Normal
10551518.0,80.0,Normal
10551519.0,80.0,Normal
10551539.0,80.0,Normal
10551542.0,80.0,Normal
10551545.0,80.0,Normal
10551548.0,80.0,Normal
10551551.0,80.0,Normal
10551552.0,80.0,Normal
10551555.0,80.0,Normal
10551572.0,80.0,Normal
10551575.0,80.0,Normal
10551883.0,190.0,Normal
10552092.0,202.25,Normal
10552686.0,80.0,Normal
10552715.0,80.0,Normal
10552717.0,80.0,Normal
10552720.0,80.0,Normal
10552722.0,80.0,Normal
10552724.0,80.0,Normal
10552740.0,80.0,Normal
10552751.0,80.0,Normal
10552752.0,80.0,Normal
10552791.0,80.0,Normal
10552832.0,80.0,Normal
10553198.0,80.0,Normal
10553199.0,80.0,Normal
10553202.0,80.0,Normal
10553219.0,80.0,Normal
10553247.0,80.0,Normal
10553264.0,80.0,Normal
10553265.0,80.0,Normal
10553267.0,80.0,Normal
10553277.0,80.0,Normal
10553407.0,80.0,Normal
10553543.0,80.0,Normal
10553578.0,80.0,Normal
10553973.0,80.0,Normal
10554759.0,80.0,Normal
10554764.0,80.0,Normal
10554792.0,80.0,Normal
10554807.0,80.0,Normal
10554813.0,80.0,Normal
10554815.0,80.0,Normal
10554820.0,80.0,Normal
10554822.0,80.0,Normal
10554826.0,80.0,Normal
10554834.0,80.0,Normal
10554835.0,80.0,Normal
10554900.0,80.0,Normal
10554904.0,80.0,Normal
10555100.0,80.0,Normal
10555303.0,80.0,Normal
10555304.0,80.0,Normal
10555305.0,80.0,Normal
10555310.0,80.0,Normal
10555311.0,80.0,Normal
10555312.0,80.0,Normal
10555405.0,80.0,Normal
10555490.0,80.0,Normal
10555491.0,80.0,Normal
10556548.0,80.0,Normal
10556549.0,80.0,Normal
10556550.0,80.0,Normal
10556625.0,80.0,Normal
10556628.0,80.0,Normal
10556665.0,80.0,Normal
10556669.0,80.0,Normal
10557230.0,80.0,Normal
10557232.0,80.0,Normal
10557286.0,80.0,Normal
10557288.0,80.0,Normal
10557320.0,80.0,Normal
10557624.0,80.0,Normal
10557817.0,80.0,Normal
10557922.0,80.0,Normal
10557924.0,80.0,Normal
10557936.0,80.0,Normal
10557938.0,80.0,Normal
10558057.0,80.0,Normal
10558207.0,80.0,Normal
10558362.0,80.0,Normal
10558976.0,80.0,Normal
10558979.0,80.0,Normal
10558981.0,80.0,Normal
10558985.0,80.0,Normal
10558987.0,80.0,Normal
10558988.0,80.0,Normal
10558998.0,80.0,Normal
10559029.0,80.0,Normal
10559066.0,80.0,Normal
10559067.0,80.0,Normal
10559074.0,80.0,Normal
10559406.0,80.0,Normal
10560144.0,80.0,Normal
10560149.0,80.0,Normal
10560150.0,80.0,Normal
10561336.0,84.0,Normal
10561338.0,84.0,Normal
10561344.0,84.0,Normal
10561346.0,84.0,Normal
10561347.0,84.0,Normal
10562395.0,80.0,Normal
10562397.0,80.0,Normal
10562515.0,80.0,Normal
10562521.0,80.0,Normal
10562525.0,80.0,Normal
10562906.0,80.0,Normal
10563120.0,80.0,Normal
10563357.0,80.0,Normal
10563358.0,80.0,Normal
10563360.0,80.0,Normal
10563373.0,80.0,Normal
10563375.0,80.0,Normal
10564239.0,80.0,Normal
10564323.0,80.0,Normal
10564327.0,80.0,Normal
10564333.0,80.0,Normal
10564497.0,80.0,Normal
10564501.0,80.0,Normal
10564504.0,80.0,Normal
10564576.0,80.0,Normal
10564662.0,80.0,Normal
10564676.0,80.0,Normal
10564677.0,80.0,Normal
10564691.0,80.0,Normal
10565396.0,80.0,Normal
10565397.0,80.0,Normal
10565496.0,80.0,Normal
10565597.0,80.0,Normal
10565625.0,80.0,Normal
10565951.0,80.0,Normal
10565955.0,150.0,Normal
10565963.0,80.0,Normal
10566005.0,80.0,Normal
10566066.0,80.0,Normal
10566223.0,80.0,Normal
10566235.0,80.0,Normal
10566521.0,80.0,Normal
10566522.0,80.0,Normal
10566532.0,80.0,Normal
10566681.0,80.0,Normal
10566703.0,80.0,Normal
10567038.0,80.0,Normal
10567134.0,110.0,Normal
10567384.0,80.0,Normal
10567386.0,80.0,Normal
10567389.0,80.0,Normal
10567391.0,80.0,Normal
10567392.0,80.0,Normal
10567685.0,855.0,Outlier
10568469.0,560.0,Outlier
10569034.0,80.0,Normal
10569035.0,80.0,Normal
10569040.0,80.0,Normal
10569045.0,80.0,Normal
10569048.0,80.0,Normal
10569051.0,80.0,Normal
10569057.0,80.0,Normal
10569062.0,80.0,Normal
10569071.0,80.0,Normal
10569081.0,80.0,Normal
10569084.0,80.0,Normal
10569097.0,80.0,Normal
10569099.0,80.0,Normal
10569103.0,80.0,Normal
10569378.0,80.0,Normal
10569448.0,80.0,Normal
10569548.0,80.0,Normal
10569568.0,80.0,Normal
10569611.0,80.0,Normal
10569612.0,80.0,Normal
10570064.0,80.0,Normal
10570930.0,80.0,Normal
10570939.0,80.0,Normal
10571169.0,80.0,Normal
10571182.0,80.0,Normal
10571191.0,80.0,Normal
10571283.0,80.0,Normal
10571567.0,80.0,Normal
10571569.0,80.0,Normal
10572375.0,80.0,Normal
10572411.0,80.0,Normal
10572886.0,80.0,Normal
10572894.0,80.0,Normal
10572909.0,80.0,Normal
10572929.0,80.0,Normal
10572930.0,80.0,Normal
10572935.0,80.0,Normal
10572937.0,80.0,Normal
10572941.0,80.0,Normal
10572985.0,80.0,Normal
10573038.0,80.0,Normal
10574546.0,80.0,Normal
10574764.0,80.0,Normal
10574766.0,80.0,Normal
10574798.0,80.0,Normal
10574808.0,80.0,Normal
10574812.0,80.0,Normal
10574814.0,80.0,Normal
10574817.0,80.0,Normal
10574822.0,80.0,Normal
10574823.0,80.0,Normal
10574846.0,80.0,Normal
10574889.0,80.0,Normal
10575277.0,110.0,Normal
10575538.0,80.0,Normal
10575753.0,80.0,Normal
10575763.0,80.0,Normal
10575770.0,80.0,Normal
10575786.0,80.0,Normal
10575822.0,700.0,Outlier
10575829.0,80.0,Normal
10575832.0,80.0,Normal
10576111.0,80.0,Normal
10576117.0,80.0,Normal
10576157.0,80.0,Normal
10576390.0,80.0,Normal
10576493.0,80.0,Normal
10576663.0,80.0,Normal
10576670.0,1680.0,Outlier
10576690.0,980.0,Outlier
10576714.0,80.0,Normal
10576717.0,80.0,Normal
10576743.0,80.0,Normal
10576744.0,80.0,Normal
10576746.0,80.0,Normal
10576910.0,80.0,Normal
10577119.0,80.0,Normal
10577176.0,80.0,Normal
10577236.0,80.0,Normal
10577249.0,80.0,Normal
10577250.0,80.0,Normal
10577251.0,80.0,Normal
10577252.0,80.0,Normal
10577274.0,80.0,Normal
10577304.0,80.0,Normal
10577661.0,80.0,Normal
10577722.0,80.0,Normal
10577725.0,80.0,Normal
10577742.0,80.0,Normal
10578549.0,80.0,Normal
10578553.0,80.0,Normal
10578557.0,80.0,Normal
10578561.0,80.0,Normal
10578563.0,80.0,Normal
10578564.0,80.0,Normal
10579333.0,80.0,Normal
10579338.0,80.0,Normal
10579342.0,80.0,Normal
10579346.0,80.0,Normal
10579503.0,80.0,Normal
10579504.0,80.0,Normal
10579505.0,80.0,Normal
10579530.0,130.0,Normal
10579701.0,130.0,Normal
10579721.0,100.0,Normal
10579801.0,160.93,Normal
10580911.0,80.0,Normal
10580914.0,80.0,Normal
10580925.0,80.0,Normal
10580930.0,80.0,Normal
10580966.0,80.0,Normal
10580968.0,80.0,Normal
10580974.0,80.0,Normal
10581009.0,80.0,Normal
10581021.0,80.0,Normal
10581036.0,80.0,Normal
10581051.0,80.0,Normal
10581109.0,80.0,Normal
10581110.0,80.0,Normal
10581930.0,80.0,Normal
10582111.0,80.0,Normal
10582137.0,80.0,Normal
10582146.0,80.0,Normal
10582275.0,80.0,Normal
10582278.0,80.0,Normal
10582475.0,80.0,Normal
10582688.0,80.0,Normal
10582962.0,80.0,Normal
10582963.0,80.0,Normal
10583345.0,80.0,Normal
10583346.0,80.0,Normal
10583355.0,80.0,Normal
10583356.0,80.0,Normal
10583387.0,80.0,Normal
10583449.0,80.0,Normal
10583451.0,80.0,Normal
10583641.0,80.0,Normal
10583674.0,80.0,Normal
10583675.0,80.0,Normal
10583696.0,130.0,Normal
10583872.0,80.0,Normal
10584164.0,80.0,Normal
10584191.0,80.0,Normal
10584328.0,80.0,Normal
10586286.0,130.0,Normal
10586315.0,80.0,Normal
10586317.0,80.0,Normal
10586336.0,130.0,Normal
10586339.0,80.0,Normal
10586435.0,80.0,Normal
10586443.0,80.0,Normal
10586444.0,80.0,Normal
10586445.0,80.0,Normal
10586473.0,80.0,Normal
10586474.0,80.0,Normal
10587236.0,230.0,Normal
10589298.0,130.0,Normal
10590000.0,80.0,Normal
10590001.0,80.0,Normal
10590003.0,80.0,Normal
10590036.0,80.0,Normal
10590078.0,80.0,Normal
10590120.0,80.0,Normal
10590122.0,80.0,Normal
10590123.0,80.0,Normal
10590224.0,80.0,Normal
10590225.0,80.0,Normal
10590231.0,80.0,Normal
10590233.0,80.0,Normal
10590359.0,80.0,Normal
10590360.0,80.0,Normal
10590573.0,80.0,Normal
10590574.0,80.0,Normal
10590575.0,80.0,Normal
10590576.0,80.0,Normal
10590577.0,80.0,Normal
10590578.0,80.0,Normal
10590579.0,80.0,Normal
10590582.0,80.0,Normal
10590803.0,80.0,Normal
10590804.0,80.0,Normal
10590805.0,80.0,Normal
10590806.0,80.0,Normal
10590807.0,80.0,Normal
10590808.0,80.0,Normal
10591819.0,80.0,Normal
10591839.0,80.0,Normal
10591840.0,80.0,Normal
10592153.0,199.55,Normal
10592184.0,199.55000000000004,Normal
10592272.0,80.0,Normal
10592283.0,80.0,Normal
10592291.0,80.0,Normal
10592292.0,80.0,Normal
10592293.0,80.0,Normal
10592295.0,80.0,Normal
10592304.0,80.0,Normal
10592308.0,80.0,Normal
10592309.0,80.0,Normal
10592349.0,130.0,Normal
10592357.0,80.0,Normal
10592358.0,80.0,Normal
10592370.0,80.0,Normal
10592405.0,80.0,Normal
10592594.0,80.0,Normal
10593336.0,80.0,Normal
10593342.0,80.0,Normal
10593401.0,80.0,Normal
10593436.0,80.0,Normal
10593520.0,80.0,Normal
10593703.0,80.0,Normal
10593926.0,80.0,Normal
10594242.0,130.0,Normal
10594517.0,80.0,Normal
10594520.0,80.0,Normal
10594521.0,80.0,Normal
10594522.0,80.0,Normal
10594525.0,80.0,Normal
10594537.0,80.0,Normal
10594556.0,80.0,Normal
10594560.0,80.0,Normal
10594562.0,80.0,Normal
10595140.0,80.0,Normal
10595144.0,80.0,Normal
10595149.0,80.0,Normal
10595153.0,80.0,Normal
10595156.0,80.0,Normal
10595172.0,80.0,Normal
10595177.0,80.0,Normal
10595180.0,80.0,Normal
10595183.0,80.0,Normal
10595190.0,80.0,Normal
10595192.0,80.0,Normal
10595194.0,80.0,Normal
10595314.0,80.0,Normal
10595356.0,150.0,Normal
10595410.0,80.0,Normal
10595856.0,80.0,Normal
10595900.0,80.0,Normal
10596019.0,80.0,Normal
10596020.0,80.0,Normal
10596022.0,80.0,Normal
10596024.0,80.0,Normal
10596025.0,80.0,Normal
10596045.0,80.0,Normal
10596047.0,80.0,Normal
10596119.0,80.0,Normal
10596591.0,80.0,Normal
10596801.0,80.0,Normal
10596802.0,80.0,Normal
10596818.0,80.0,Normal
10596821.0,80.0,Normal
10596840.0,80.0,Normal
10596848.0,80.0,Normal
10596859.0,80.0,Normal
10596888.0,80.0,Normal
10597025.0,760.0,Outlier
10597148.0,80.0,Normal
10597150.0,80.0,Normal
10597151.0,80.0,Normal
10597152.0,80.0,Normal
10597154.0,80.0,Normal
10597156.0,80.0,Normal
10597157.0,80.0,Normal
10597159.0,80.0,Normal
10597160.0,80.0,Normal
10597161.0,80.0,Normal
10597163.0,80.0,Normal
10597177.0,80.0,Normal
10597179.0,80.0,Normal
10597827.0,80.0,Normal
10597828.0,80.0,Normal
10597830.0,80.0,Normal
10597831.0,80.0,Normal
10597833.0,80.0,Normal
10597834.0,80.0,Normal
10597835.0,80.0,Normal
10597837.0,80.0,Normal
10597839.0,80.0,Normal
10597842.0,80.0,Normal
10598568.0,80.0,Normal
10598602.0,80.0,Normal
10598610.0,80.0,Normal
10598643.0,80.0,Normal
10598998.0,80.0,Normal
10599000.0,80.0,Normal
10599022.0,130.0,Normal
10599069.0,130.0,Normal
10599294.0,80.0,Normal
10599310.0,80.0,Normal
10599314.0,80.0,Normal
10599318.0,80.0,Normal
10599319.0,80.0,Normal
10599510.0,80.0,Normal
10599511.0,80.0,Normal
10599512.0,80.0,Normal
10599513.0,80.0,Normal
10599626.0,120.0,Normal
10599702.0,120.0,Normal
10599714.0,80.0,Normal
10599715.0,80.0,Normal
10599720.0,120.0,Normal
10599727.0,80.0,Normal
10599730.0,80.0,Normal
10599731.0,80.0,Normal
10599738.0,80.0,Normal
10599742.0,80.0,Normal
10599743.0,80.0,Normal
10599755.0,80.0,Normal
10599759.0,80.0,Normal
10599760.0,120.0,Normal
10599939.0,84.0,Normal
10600044.0,80.0,Normal
10600296.0,80.0,Normal
10601496.0,80.0,Normal
10601693.0,80.0,Normal
10601705.0,80.0,Normal
10601706.0,80.0,Normal
10601712.0,80.0,Normal
10601713.0,80.0,Normal
10601877.0,80.0,Normal
10601965.0,80.0,Normal
10602444.0,80.0,Normal
10602451.0,80.0,Normal
10602454.0,80.0,Normal
10602580.0,80.0,Normal
10602583.0,80.0,Normal
10602587.0,80.0,Normal
10602589.0,80.0,Normal
10602593.0,80.0,Normal
10602595.0,80.0,Normal
10602598.0,80.0,Normal
10602601.0,80.0,Normal
10602604.0,80.0,Normal
10602607.0,80.0,Normal
10602613.0,80.0,Normal
10602772.0,80.0,Normal
10602800.0,80.0,Normal
10603296.0,80.0,Normal
10603746.0,80.0,Normal
10603748.0,80.0,Normal
10603797.0,80.0,Normal
10603798.0,80.0,Normal
10603825.0,80.0,Normal
10603846.0,80.0,Normal
10603848.0,80.0,Normal
10603886.0,80.0,Normal
10603887.0,80.0,Normal
10603892.0,80.0,Normal
10604077.0,80.0,Normal
10604078.0,80.0,Normal
10604080.0,80.0,Normal
10604082.0,80.0,Normal
10604224.0,80.0,Normal
10604451.0,80.0,Normal
10604513.0,80.0,Normal
10604518.0,80.0,Normal
10604519.0,80.0,Normal
10604520.0,80.0,Normal
10604935.0,80.0,Normal
10604936.0,80.0,Normal
10604962.0,80.0,Normal
10605658.0,80.0,Normal
10605659.0,80.0,Normal
10605805.0,80.0,Normal
10605812.0,80.0,Normal
10605815.0,80.0,Normal
10605988.0,80.0,Normal
10605990.0,80.0,Normal
10605992.0,80.0,Normal
10605995.0,80.0,Normal
10606018.0,80.0,Normal
10606022.0,80.0,Normal
10606108.0,80.0,Normal
10606321.0,80.0,Normal
10606408.0,190.0,Normal
10606435.0,80.0,Normal
10606658.0,80.0,Normal
10606659.0,80.0,Normal
10606699.0,80.0,Normal
10606700.0,80.0,Normal
10606706.0,80.0,Normal
10606763.0,80.0,Normal
10607175.0,80.0,Normal
10607215.0,80.0,Normal
10607222.0,80.0,Normal
10607370.0,80.0,Normal
10607371.0,80.0,Normal
10607373.0,84.0,Normal
10607377.0,84.0,Normal
10607612.0,80.0,Normal
10607619.0,80.0,Normal
10607620.0,80.0,Normal
10607630.0,80.0,Normal
10607899.0,80.0,Normal
10608109.0,80.0,Normal
10608111.0,80.0,Normal
10608114.0,80.0,Normal
10608615.0,80.0,Normal
10608616.0,80.0,Normal
10608677.0,80.0,Normal
10608678.0,80.0,Normal
10609500.0,80.0,Normal
10609503.0,80.0,Normal
10610786.0,80.0,Normal
10610796.0,80.0,Normal
10610798.0,80.0,Normal
10610874.0,80.0,Normal
10610927.0,80.0,Normal
10611378.0,80.0,Normal
10611410.0,80.0,Normal
10611411.0,80.0,Normal
10611433.0,80.0,Normal
10611436.0,80.0,Normal
10611454.0,80.0,Normal
10611455.0,80.0,Normal
10612732.0,80.0,Normal
10612734.0,80.0,Normal
10612738.0,80.0,Normal
10612739.0,80.0,Normal
10612754.0,80.0,Normal
10612760.0,80.0,Normal
10612772.0,80.0,Normal
10612775.0,80.0,Normal
10612789.0,80.0,Normal
10612827.0,80.0,Normal
10612849.0,80.0,Normal
10612850.0,80.0,Normal
10612851.0,80.0,Normal
10612861.0,80.0,Normal
10612862.0,80.0,Normal
10612863.0,80.0,Normal
10612864.0,80.0,Normal
10612865.0,80.0,Normal
10612943.0,80.0,Normal
10613269.0,80.0,Normal
10613301.0,80.0,Normal
10613315.0,80.0,Normal
10613316.0,80.0,Normal
10613321.0,80.0,Normal
10613446.0,80.0,Normal
10613515.0,80.0,Normal
10613560.0,80.0,Normal
10613563.0,80.0,Normal
10613620.0,80.0,Normal
10613621.0,80.0,Normal
10613689.0,80.0,Normal
10613948.0,80.0,Normal
10614794.0,80.0,Normal
10614845.0,80.0,Normal
10614998.0,80.0,Normal
10615132.0,80.0,Normal
10615134.0,80.0,Normal
10615135.0,80.0,Normal
10615142.0,80.0,Normal
10615144.0,80.0,Normal
10615146.0,80.0,Normal
10615192.0,80.0,Normal
10615195.0,80.0,Normal
10615203.0,80.0,Normal
10615206.0,80.0,Normal
10615210.0,80.0,Normal
10616218.0,80.0,Normal
10617165.0,150.0,Normal
10617285.0,80.0,Normal
10617286.0,80.0,Normal
10617288.0,80.0,Normal
10617290.0,80.0,Normal
10617302.0,80.0,Normal
10617723.0,80.0,Normal
10617725.0,80.0,Normal
10617901.0,80.0,Normal
10618696.0,110.0,Normal
10618788.0,80.0,Normal
10618903.0,80.0,Normal
10618913.0,80.0,Normal
10618915.0,80.0,Normal
10618917.0,80.0,Normal
10618986.0,80.0,Normal
10619001.0,80.0,Normal
10619020.0,80.0,Normal
10619038.0,80.0,Normal
10619041.0,80.0,Normal
10619043.0,80.0,Normal
10619044.0,80.0,Normal
10619048.0,199.55,Normal
10619050.0,80.0,Normal
10619066.0,80.0,Normal
10619103.0,80.0,Normal
10619402.0,80.0,Normal
10619682.0,80.0,Normal
10619684.0,80.0,Normal
10619687.0,80.0,Normal
10619752.0,80.0,Normal
10619774.0,80.0,Normal
10619778.0,80.0,Normal
10619779.0,80.0,Normal
10619784.0,80.0,Normal
10619880.0,80.0,Normal
10619978.0,80.0,Normal
10619980.0,80.0,Normal
10619984.0,80.0,Normal
10619986.0,80.0,Normal
10619989.0,80.0,Normal
10619991.0,80.0,Normal
10620075.0,80.0,Normal
10620079.0,80.0,Normal
10620083.0,80.0,Normal
10620084.0,80.0,Normal
10620086.0,80.0,Normal
10620241.0,80.0,Normal
10620243.0,80.0,Normal
10620250.0,80.0,Normal
10620622.0,80.0,Normal
10620828.0,199.55,Normal
10620915.0,600.0,Outlier
10620930.0,80.0,Normal
10620945.0,80.0,Normal
10620950.0,80.0,Normal
10620953.0,80.0,Normal
10621340.0,84.0,Normal
10621342.0,84.0,Normal
10621343.0,84.0,Normal
10621350.0,84.0,Normal
10621806.0,80.0,Normal
10621810.0,80.0,Normal
10623077.0,80.0,Normal
10623406.0,980.0,Outlier
10623492.0,1680.0,Outlier
10623507.0,80.0,Normal
10623514.0,80.0,Normal
10623524.0,80.0,Normal
10624177.0,80.0,Normal
10624423.0,80.0,Normal
10624425.0,80.0,Normal
10624426.0,80.0,Normal
10625068.0,80.0,Normal
10625111.0,80.0,Normal
10625125.0,80.0,Normal
10625166.0,80.0,Normal
10625168.0,80.0,Normal
10625170.0,80.0,Normal
10625279.0,80.0,Normal
10625280.0,80.0,Normal
10625560.0,80.0,Normal
10625968.0,80.0,Normal
10625972.0,80.0,Normal
10625974.0,80.0,Normal
10626006.0,80.0,Normal
10626009.0,80.0,Normal
10626010.0,80.0,Normal
10626014.0,80.0,Normal
10626020.0,80.0,Normal
10626114.0,80.0,Normal
10626131.0,80.0,Normal
10626253.0,80.0,Normal
10626260.0,80.0,Normal
10626268.0,80.0,Normal
10626571.0,80.0,Normal
10627370.0,80.0,Normal
10627372.0,80.0,Normal
10627378.0,80.0,Normal
10627390.0,80.0,Normal
10627402.0,110.0,Normal
10627414.0,80.0,Normal
10627418.0,80.0,Normal
10627419.0,80.0,Normal
10627427.0,80.0,Normal
10627428.0,80.0,Normal
10627436.0,80.0,Normal
10627438.0,80.0,Normal
10627440.0,80.0,Normal
10628114.0,80.0,Normal
10628170.0,80.0,Normal
10628767.0,80.0,Normal
10628808.0,80.0,Normal
10628849.0,80.0,Normal
10629043.0,80.0,Normal
10629045.0,80.0,Normal
10629049.0,80.0,Normal
10629058.0,80.0,Normal
10629267.0,80.0,Normal
10629542.0,110.0,Normal
10629555.0,80.0,Normal
10629560.0,80.0,Normal
10629563.0,80.0,Normal
10629564.0,80.0,Normal
10629591.0,80.0,Normal
10629592.0,80.0,Normal
10629593.0,80.0,Normal
10629595.0,80.0,Normal
10629598.0,80.0,Normal
10629605.0,80.0,Normal
10629606.0,80.0,Normal
10629624.0,80.0,Normal
10629634.0,80.0,Normal
10629635.0,80.0,Normal
10630197.0,90.0,Normal
10630200.0,80.0,Normal
10630201.0,80.0,Normal
10630206.0,80.0,Normal
10630207.0,80.0,Normal
10630222.0,80.0,Normal
10630224.0,80.0,Normal
10630241.0,80.0,Normal
10630483.0,80.0,Normal
10630485.0,80.0,Normal
10630622.0,80.0,Normal
10630623.0,80.0,Normal
10631948.0,80.0,Normal
10631950.0,80.0,Normal
10631979.0,80.0,Normal
10632016.0,80.0,Normal
10632017.0,80.0,Normal
10632056.0,80.0,Normal
10632389.0,80.0,Normal
10632392.0,80.0,Normal
10632396.0,80.0,Normal
10632534.0,80.0,Normal
10632537.0,80.0,Normal
10632607.0,80.0,Normal
10632612.0,80.0,Normal
10632616.0,80.0,Normal
10632727.0,80.0,Normal
10633054.0,80.0,Normal
10633088.0,80.0,Normal
10633089.0,80.0,Normal
10633362.0,80.0,Normal
10633368.0,80.0,Normal
10633382.0,80.0,Normal
10633383.0,80.0,Normal
10633577.0,130.0,Normal
10633611.0,80.0,Normal
10633639.0,80.0,Normal
10633656.0,130.0,Normal
10633934.0,80.0,Normal
10634243.0,80.0,Normal
10634248.0,80.0,Normal
10634253.0,80.0,Normal
10634257.0,80.0,Normal
10634259.0,80.0,Normal
10634264.0,80.0,Normal
10634271.0,80.0,Normal
10634297.0,130.0,Normal
10634329.0,130.0,Normal
10634340.0,130.0,Normal
10634431.0,80.0,Normal
10634461.0,80.0,Normal
10634501.0,80.0,Normal
10634508.0,80.0,Normal
10634562.0,80.0,Normal
10634966.0,80.0,Normal
10634972.0,80.0,Normal
10635001.0,80.0,Normal
10635090.0,80.0,Normal
10635437.0,80.0,Normal
10635545.0,80.0,Normal
10635549.0,80.0,Normal
10635582.0,80.0,Normal
10635584.0,80.0,Normal
10635590.0,230.0,Normal
10635603.0,80.0,Normal
10635612.0,80.0,Normal
10635626.0,80.0,Normal
10635627.0,80.0,Normal
10635629.0,80.0,Normal
10635637.0,80.0,Normal
10635664.0,100.0,Normal
10635772.0,80.0,Normal
10635773.0,80.0,Normal
10635964.0,80.0,Normal
10635965.0,80.0,Normal
10635976.0,80.0,Normal
10637032.0,199.55,Normal
10637545.0,199.55,Normal
10637667.0,80.0,Normal
10637670.0,80.0,Normal
10637672.0,80.0,Normal
10637674.0,80.0,Normal
10638233.0,80.0,Normal
10638239.0,80.0,Normal
10638543.0,80.0,Normal
10638544.0,80.0,Normal
10638545.0,80.0,Normal
10638546.0,80.0,Normal
10639299.0,80.0,Normal
10639376.0,80.0,Normal
10639379.0,80.0,Normal
10639380.0,80.0,Normal
10639384.0,80.0,Normal
10639389.0,80.0,Normal
10639396.0,80.0,Normal
10639403.0,80.0,Normal
10639736.0,80.0,Normal
10641005.0,84.0,Normal
10641007.0,84.0,Normal
10641514.0,80.0,Normal
10641616.0,80.0,Normal
10641618.0,80.0,Normal
10641620.0,80.0,Normal
10641674.0,80.0,Normal
10641723.0,80.0,Normal
10642013.0,80.0,Normal
10642015.0,80.0,Normal
10642052.0,80.0,Normal
10642169.0,80.0,Normal
10642619.0,80.0,Normal
10642650.0,80.0,Normal
10642651.0,80.0,Normal
10642976.0,80.0,Normal
10643067.0,120.0,Normal
10643083.0,80.0,Normal
10643088.0,80.0,Normal
10643091.0,80.0,Normal
10643193.0,80.0,Normal
10643194.0,80.0,Normal
10643195.0,80.0,Normal
10643266.0,80.0,Normal
10643309.0,80.0,Normal
10643312.0,80.0,Normal
10643315.0,80.0,Normal
10643316.0,80.0,Normal
10643656.0,80.0,Normal
10644024.0,80.0,Normal
10644027.0,80.0,Normal
10644434.0,80.0,Normal
10644446.0,80.0,Normal
10644447.0,80.0,Normal
10644473.0,80.0,Normal
10644478.0,80.0,Normal
10644482.0,80.0,Normal
10644543.0,80.0,Normal
10644555.0,80.0,Normal
10644792.0,120.0,Normal
10644831.0,120.0,Normal
10645072.0,120.0,Normal
10645372.0,80.0,Normal
10645615.0,120.0,Normal
10645646.0,80.0,Normal
10645648.0,80.0,Normal
10646329.0,80.0,Normal
10646334.0,80.0,Normal
10646338.0,80.0,Normal
10646504.0,80.0,Normal
10646507.0,80.0,Normal
10647238.0,80.0,Normal
10647239.0,130.0,Normal
10647241.0,80.0,Normal
10647267.0,130.0,Normal
10647351.0,130.0,Normal
10649285.0,80.0,Normal
10649288.0,80.0,Normal
10649292.0,80.0,Normal
10649338.0,80.0,Normal
10649348.0,80.0,Normal
10649360.0,80.0,Normal
10649525.0,80.0,Normal
10649563.0,80.0,Normal
10649924.0,80.0,Normal
10650035.0,80.0,Normal
10650042.0,80.0,Normal
10650049.0,80.0,Normal
10650672.0,80.0,Normal
10650673.0,80.0,Normal
10650676.0,80.0,Normal
10650678.0,80.0,Normal
10650720.0,80.0,Normal
10650722.0,80.0,Normal
10650723.0,80.0,Normal
10650724.0,80.0,Normal
10650751.0,80.0,Normal
10650757.0,80.0,Normal
10651768.0,80.0,Normal
10651771.0,80.0,Normal
10651773.0,80.0,Normal
10651775.0,80.0,Normal
10652586.0,80.0,Normal
10652588.0,80.0,Normal
10652592.0,80.0,Normal
10652714.0,80.0,Normal
10652716.0,80.0,Normal
10652918.0,80.0,Normal
10653016.0,80.0,Normal
10653859.0,80.0,Normal
10653860.0,80.0,Normal
10653902.0,120.0,Normal
10653903.0,80.0,Normal
10653990.0,80.0,Normal
10654000.0,80.0,Normal
10654004.0,80.0,Normal
10654011.0,80.0,Normal
10654015.0,80.0,Normal
10654018.0,80.0,Normal
10654025.0,80.0,Normal
10654030.0,80.0,Normal
10654035.0,80.0,Normal
10654041.0,80.0,Normal
10654047.0,80.0,Normal
10654048.0,80.0,Normal
10654066.0,80.0,Normal
10654079.0,80.0,Normal
10654094.0,80.0,Normal
10654138.0,80.0,Normal
10654327.0,130.0,Normal
10654425.0,130.0,Normal
10654470.0,80.0,Normal
10654473.0,80.0,Normal
10654475.0,80.0,Normal
10654573.0,202.25,Normal
10654602.0,202.25,Normal
10654642.0,80.0,Normal
10654643.0,80.0,Normal
10654698.0,80.0,Normal
10654721.0,80.0,Normal
10654722.0,80.0,Normal
10654983.0,80.0,Normal
10654985.0,80.0,Normal
10654989.0,80.0,Normal
10654990.0,80.0,Normal
10654995.0,80.0,Normal
10655000.0,80.0,Normal
10655008.0,80.0,Normal
10655260.0,80.0,Normal
10655264.0,80.0,Normal
10655275.0,80.0,Normal
10655538.0,80.0,Normal
10655540.0,80.0,Normal
10655541.0,80.0,Normal
10655542.0,80.0,Normal
10655704.0,190.0,Normal
10655731.0,80.0,Normal
10655732.0,80.0,Normal
10655734.0,80.0,Normal
10655818.0,80.0,Normal
10655820.0,80.0,Normal
10655821.0,80.0,Normal
10655822.0,80.0,Normal
10655824.0,80.0,Normal
10655825.0,80.0,Normal
10655826.0,80.0,Normal
10655827.0,80.0,Normal
10655828.0,80.0,Normal
10655830.0,80.0,Normal
10655931.0,80.0,Normal
10655933.0,80.0,Normal
10655950.0,80.0,Normal
10655991.0,80.0,Normal
10656577.0,80.0,Normal
10656581.0,80.0,Normal
10656845.0,80.0,Normal
10656846.0,80.0,Normal
10656853.0,80.0,Normal
10656855.0,80.0,Normal
10656874.0,80.0,Normal
10656875.0,80.0,Normal
10656877.0,80.0,Normal
10656881.0,80.0,Normal
10656883.0,80.0,Normal
10656944.0,80.0,Normal
10656946.0,80.0,Normal
10656948.0,80.0,Normal
10656951.0,80.0,Normal
10657103.0,80.0,Normal
10657280.0,80.0,Normal
10657326.0,80.0,Normal
10657327.0,80.0,Normal
10657346.0,80.0,Normal
10657348.0,80.0,Normal
10657353.0,80.0,Normal
10657390.0,80.0,Normal
10657412.0,80.0,Normal
10657413.0,80.0,Normal
10657414.0,80.0,Normal
10657416.0,80.0,Normal
10657419.0,80.0,Normal
10657420.0,80.0,Normal
10657428.0,80.0,Normal
10657430.0,80.0,Normal
10657537.0,80.0,Normal
10657538.0,80.0,Normal
10657542.0,80.0,Normal
10657729.0,80.0,Normal
10657730.0,80.0,Normal
10657732.0,80.0,Normal
10657733.0,80.0,Normal
10657864.0,80.0,Normal
10658449.0,80.0,Normal
10658452.0,80.0,Normal
10658464.0,80.0,Normal
10658466.0,80.0,Normal
10658469.0,80.0,Normal
10658491.0,80.0,Normal
10658499.0,80.0,Normal
10658500.0,80.0,Normal
10658514.0,80.0,Normal
10658520.0,80.0,Normal
10658521.0,80.0,Normal
10658538.0,80.0,Normal
10658547.0,80.0,Normal
10658548.0,80.0,Normal
10658608.0,80.0,Normal
10658623.0,80.0,Normal
10658658.0,80.0,Normal
10658659.0,80.0,Normal
10658660.0,80.0,Normal
10658836.0,80.0,Normal
10658956.0,80.0,Normal
10658957.0,80.0,Normal
10658983.0,80.0,Normal
10659222.0,80.0,Normal
10659223.0,80.0,Normal
10659305.0,84.0,Normal
10659353.0,80.0,Normal
10659354.0,80.0,Normal
10659358.0,80.0,Normal
10659413.0,80.0,Normal
10659415.0,80.0,Normal
10659420.0,80.0,Normal
10659502.0,80.0,Normal
10659504.0,80.0,Normal
10659508.0,80.0,Normal
10659536.0,80.0,Normal
10661492.0,80.0,Normal
10661494.0,80.0,Normal
10661497.0,80.0,Normal
10661516.0,80.0,Normal
10661585.0,80.0,Normal
10661976.0,80.0,Normal
10661977.0,80.0,Normal
10661978.0,80.0,Normal
10661980.0,80.0,Normal
10662002.0,80.0,Normal
10662003.0,80.0,Normal
10662016.0,80.0,Normal
10662018.0,80.0,Normal
10662247.0,80.0,Normal
10662249.0,80.0,Normal
10662266.0,80.0,Normal
10662269.0,80.0,Normal
10662277.0,80.0,Normal
10662280.0,80.0,Normal
10662282.0,80.0,Normal
10662313.0,80.0,Normal
10662462.0,80.0,Normal
10662854.0,80.0,Normal
10662855.0,80.0,Normal
10662856.0,80.0,Normal
10662874.0,80.0,Normal
10662883.0,80.0,Normal
10662886.0,80.0,Normal
10662937.0,80.0,Normal
10662940.0,80.0,Normal
10662942.0,80.0,Normal
10663943.0,80.0,Normal
10663945.0,80.0,Normal
10664170.0,80.0,Normal
10664172.0,80.0,Normal
10664177.0,80.0,Normal
10664312.0,80.0,Normal
10664313.0,80.0,Normal
10664315.0,80.0,Normal
10664316.0,80.0,Normal
10664410.0,80.0,Normal
10664412.0,80.0,Normal
10664416.0,80.0,Normal
10664471.0,80.0,Normal
10664576.0,80.0,Normal
10665048.0,80.0,Normal
10665051.0,80.0,Normal
10665158.0,80.0,Normal
10665160.0,80.0,Normal
10665162.0,80.0,Normal
10665163.0,80.0,Normal
10665165.0,80.0,Normal
10665166.0,80.0,Normal
10665171.0,80.0,Normal
10665172.0,80.0,Normal
10665173.0,80.0,Normal
10665176.0,80.0,Normal
10665178.0,80.0,Normal
10665180.0,80.0,Normal
10665183.0,80.0,Normal
10665184.0,80.0,Normal
10665287.0,80.0,Normal
10665288.0,80.0,Normal
10665291.0,80.0,Normal
10665400.0,80.0,Normal
10665559.0,80.0,Normal
10665880.0,80.0,Normal
10665969.0,80.0,Normal
10665975.0,80.0,Normal
10665977.0,80.0,Normal
10665993.0,80.0,Normal
10665996.0,80.0,Normal
10665997.0,80.0,Normal
10665999.0,80.0,Normal
10666085.0,80.0,Normal
10666201.0,80.0,Normal
10666213.0,80.0,Normal
10666216.0,80.0,Normal
10666218.0,80.0,Normal
10666618.0,80.0,Normal
10666620.0,80.0,Normal
10666621.0,80.0,Normal
10666623.0,80.0,Normal
10666640.0,80.0,Normal
10666697.0,80.0,Normal
10666904.0,80.0,Normal
10666939.0,80.0,Normal
10666959.0,80.0,Normal
10666963.0,80.0,Normal
10666990.0,80.0,Normal
10667357.0,80.0,Normal
10668031.0,80.0,Normal
10668039.0,80.0,Normal
10668040.0,80.0,Normal
10668045.0,80.0,Normal
10668046.0,80.0,Normal
10668083.0,80.0,Normal
10668144.0,80.0,Normal
10668145.0,80.0,Normal
10668153.0,80.0,Normal
10668196.0,80.0,Normal
10668248.0,80.0,Normal
10668423.0,80.0,Normal
10668463.0,80.0,Normal
10668523.0,80.0,Normal
10668540.0,80.0,Normal
10668545.0,80.0,Normal
10668699.0,80.0,Normal
10668948.0,80.0,Normal
10668952.0,80.0,Normal
10669175.0,80.0,Normal
10669177.0,80.0,Normal
10669179.0,80.0,Normal
10669429.0,80.0,Normal
10669431.0,80.0,Normal
10669485.0,80.0,Normal
10669489.0,80.0,Normal
10669491.0,80.0,Normal
10669493.0,80.0,Normal
10669828.0,80.0,Normal
10669917.0,80.0,Normal
10670253.0,80.0,Normal
10670255.0,80.0,Normal
10670344.0,80.0,Normal
10670351.0,80.0,Normal
10670352.0,80.0,Normal
10670717.0,80.0,Normal
10670721.0,80.0,Normal
10670722.0,80.0,Normal
10670724.0,80.0,Normal
10670894.0,80.0,Normal
10671194.0,80.0,Normal
10671201.0,80.0,Normal
10671202.0,80.0,Normal
10671220.0,150.0,Normal
10671624.0,80.0,Normal
10671711.0,80.0,Normal
10671718.0,80.0,Normal
10671719.0,80.0,Normal
10671751.0,80.0,Normal
10671752.0,80.0,Normal
10672428.0,80.0,Normal
10672430.0,80.0,Normal
10672735.0,80.0,Normal
10672736.0,285.0,Normal
10672740.0,80.0,Normal
10672745.0,80.0,Normal
10672747.0,80.0,Normal
10672798.0,600.0,Outlier
10672885.0,80.0,Normal
10672888.0,80.0,Normal
10672895.0,80.0,Normal
10672897.0,80.0,Normal
10672909.0,80.0,Normal
10672913.0,80.0,Normal
10672947.0,80.0,Normal
10673257.0,80.0,Normal
10673263.0,80.0,Normal
10673503.0,80.0,Normal
10673509.0,80.0,Normal
10673905.0,80.0,Normal
10674028.0,80.0,Normal
10674030.0,80.0,Normal
10674049.0,80.0,Normal
10674051.0,80.0,Normal
10675729.0,80.0,Normal
10675735.0,80.0,Normal
10675747.0,80.0,Normal
10675814.0,80.0,Normal
10675818.0,80.0,Normal
10675830.0,80.0,Normal
10675841.0,80.0,Normal
10675842.0,80.0,Normal
10676172.0,80.0,Normal
10676755.0,80.0,Normal
10676771.0,80.0,Normal
10676772.0,80.0,Normal
10677003.0,80.0,Normal
10677005.0,80.0,Normal
10677006.0,80.0,Normal
10677557.0,80.0,Normal
10677617.0,80.0,Normal
10677620.0,80.0,Normal
10677636.0,80.0,Normal
10677638.0,80.0,Normal
10677640.0,80.0,Normal
10677641.0,80.0,Normal
10677646.0,80.0,Normal
10677652.0,80.0,Normal
10677654.0,80.0,Normal
10677668.0,80.0,Normal
10677671.0,80.0,Normal
10677674.0,80.0,Normal
10677675.0,80.0,Normal
10677676.0,80.0,Normal
10677683.0,80.0,Normal
10677689.0,80.0,Normal
10677690.0,80.0,Normal
10677711.0,80.0,Normal
10678906.0,80.0,Normal
10678910.0,80.0,Normal
10678916.0,80.0,Normal
10678933.0,80.0,Normal
10678935.0,80.0,Normal
10678996.0,80.0,Normal
10678999.0,80.0,Normal
10679014.0,80.0,Normal
10679017.0,80.0,Normal
10679117.0,80.0,Normal
10679146.0,80.0,Normal
10679149.0,80.0,Normal
10679202.0,80.0,Normal
10679206.0,80.0,Normal
10679208.0,80.0,Normal
10679539.0,80.0,Normal
10679540.0,80.0,Normal
10679542.0,80.0,Normal
10679543.0,80.0,Normal
10679975.0,80.0,Normal
10679977.0,80.0,Normal
10680175.0,80.0,Normal
10680179.0,80.0,Normal
10680180.0,80.0,Normal
10680223.0,80.0,Normal
10680226.0,80.0,Normal
10680244.0,80.0,Normal
10680300.0,110.0,Normal
10680504.0,80.0,Normal
10680779.0,80.0,Normal
10680791.0,80.0,Normal
10680792.0,80.0,Normal
10680794.0,80.0,Normal
10680846.0,80.0,Normal
10680883.0,80.0,Normal
10680893.0,80.0,Normal
10680894.0,80.0,Normal
10680895.0,80.0,Normal
10681001.0,560.0,Outlier
10681053.0,80.0,Normal
10681098.0,80.0,Normal
10681100.0,80.0,Normal
10681104.0,80.0,Normal
10681105.0,80.0,Normal
10681340.0,80.0,Normal
10681353.0,80.0,Normal
10681836.0,80.0,Normal
10681839.0,80.0,Normal
10681841.0,80.0,Normal
10681849.0,80.0,Normal
10681850.0,80.0,Normal
10681851.0,80.0,Normal
10681854.0,80.0,Normal
10681855.0,80.0,Normal
10682141.0,110.0,Normal
10682188.0,80.0,Normal
10682192.0,80.0,Normal
10682218.0,199.55,Normal
10682388.0,199.55,Normal
10683027.0,80.0,Normal
10683343.0,80.0,Normal
10683369.0,80.0,Normal
10683380.0,80.0,Normal
10683387.0,80.0,Normal
10683404.0,80.0,Normal
10683422.0,80.0,Normal
10683428.0,80.0,Normal
10683432.0,80.0,Normal
10683596.0,80.0,Normal
10683609.0,80.0,Normal
10683623.0,80.0,Normal
10683624.0,80.0,Normal
10683629.0,80.0,Normal
10683633.0,80.0,Normal
10683642.0,80.0,Normal
10683644.0,80.0,Normal
10683648.0,80.0,Normal
10683650.0,80.0,Normal
10683652.0,80.0,Normal
10683653.0,80.0,Normal
10683686.0,80.0,Normal
10683742.0,80.0,Normal
10684084.0,1680.0,Outlier
10684087.0,980.0,Outlier
10684091.0,80.0,Normal
10684220.0,80.0,Normal
10684224.0,80.0,Normal
10684235.0,80.0,Normal
10684237.0,80.0,Normal
10684239.0,80.0,Normal
10684241.0,80.0,Normal
10684242.0,80.0,Normal
10684247.0,80.0,Normal
10684297.0,80.0,Normal
10684298.0,80.0,Normal
10684380.0,80.0,Normal
10684381.0,80.0,Normal
10685147.0,80.0,Normal
10685190.0,80.0,Normal
10685193.0,80.0,Normal
10685241.0,80.0,Normal
10685250.0,80.0,Normal
10685256.0,80.0,Normal
10685258.0,80.0,Normal
10685268.0,80.0,Normal
10685272.0,80.0,Normal
10685274.0,80.0,Normal
10685279.0,80.0,Normal
10685281.0,80.0,Normal
10685282.0,80.0,Normal
10685330.0,80.0,Normal
10685334.0,80.0,Normal
10685349.0,80.0,Normal
10685427.0,80.0,Normal
10685433.0,80.0,Normal
10685559.0,80.0,Normal
10685621.0,80.0,Normal
10685623.0,80.0,Normal
10686016.0,80.0,Normal
10686493.0,80.0,Normal
10686495.0,80.0,Normal
10686497.0,80.0,Normal
10686553.0,80.0,Normal
10686556.0,80.0,Normal
10686633.0,80.0,Normal
10686635.0,80.0,Normal
10686636.0,80.0,Normal
10686637.0,80.0,Normal
10686639.0,80.0,Normal
10686643.0,80.0,Normal
10686647.0,80.0,Normal
10687209.0,80.0,Normal
10687326.0,80.0,Normal
10687328.0,80.0,Normal
10687969.0,84.0,Normal
10687970.0,84.0,Normal
10688086.0,100.0,Normal
10688196.0,80.0,Normal
10688312.0,80.0,Normal
10688313.0,80.0,Normal
10688314.0,80.0,Normal
10688315.0,80.0,Normal
10688319.0,80.0,Normal
10688321.0,80.0,Normal
10688322.0,80.0,Normal
10688324.0,80.0,Normal
10688325.0,80.0,Normal
10688412.0,80.0,Normal
10688414.0,80.0,Normal
10688435.0,80.0,Normal
10688590.0,80.0,Normal
10688592.0,80.0,Normal
10688810.0,80.0,Normal
10688827.0,80.0,Normal
10688828.0,80.0,Normal
10688834.0,80.0,Normal
10688836.0,80.0,Normal
10688839.0,80.0,Normal
10688844.0,80.0,Normal
10688848.0,80.0,Normal
10688855.0,80.0,Normal
10688857.0,80.0,Normal
10688859.0,80.0,Normal
10688876.0,80.0,Normal
10688877.0,80.0,Normal
10688878.0,80.0,Normal
10689164.0,80.0,Normal
10690165.0,130.0,Normal
10690233.0,80.0,Normal
10690303.0,80.0,Normal
10690739.0,80.0,Normal
10690788.0,80.0,Normal
10690791.0,130.0,Normal
10690799.0,80.0,Normal
10690894.0,80.0,Normal
10691181.0,199.55,Normal
10691597.0,130.0,Normal
10691718.0,130.0,Normal
10691855.0,130.0,Normal
10691890.0,130.0,Normal
10691891.0,80.0,Normal
10691892.0,80.0,Normal
10691894.0,80.0,Normal
10691895.0,80.0,Normal
10691896.0,80.0,Normal
10691897.0,80.0,Normal
10692034.0,80.0,Normal
10692036.0,80.0,Normal
10692103.0,80.0,Normal
10692111.0,80.0,Normal
10692137.0,80.0,Normal
10692139.0,80.0,Normal
10692149.0,80.0,Normal
10692150.0,80.0,Normal
10692392.0,130.0,Normal
10692439.0,80.0,Normal
10692447.0,80.0,Normal
10692449.0,80.0,Normal
10692451.0,80.0,Normal
10692455.0,80.0,Normal
10692715.0,80.0,Normal
10692716.0,80.0,Normal
10692718.0,80.0,Normal
10692721.0,80.0,Normal
10692891.0,80.0,Normal
10692929.0,110.0,Normal
10692952.0,80.0,Normal
10692955.0,80.0,Normal
10692975.0,80.0,Normal
10692980.0,80.0,Normal
10692990.0,80.0,Normal
10693194.0,130.0,Normal
10693457.0,80.0,Normal
10693555.0,80.0,Normal
10693751.0,80.0,Normal
10693842.0,80.0,Normal
10693844.0,80.0,Normal
10693849.0,80.0,Normal
10693852.0,80.0,Normal
10693855.0,80.0,Normal
10693857.0,80.0,Normal
10693911.0,80.0,Normal
10693914.0,80.0,Normal
10693915.0,80.0,Normal
10693967.0,80.0,Normal
10694490.0,80.0,Normal
10694512.0,80.0,Normal
10694515.0,80.0,Normal
10694754.0,80.0,Normal
10694781.0,80.0,Normal
10694786.0,80.0,Normal
10694804.0,80.0,Normal
10695206.0,80.0,Normal
10695208.0,80.0,Normal
10695209.0,80.0,Normal
10695318.0,80.0,Normal
10695373.0,80.0,Normal
10695375.0,80.0,Normal
10695408.0,80.0,Normal
10695566.0,80.0,Normal
10695570.0,80.0,Normal
10696586.0,80.0,Normal
10696598.0,80.0,Normal
10696616.0,80.0,Normal
10696636.0,80.0,Normal
10696661.0,80.0,Normal
10696666.0,80.0,Normal
10696823.0,84.0,Normal
10696828.0,80.0,Normal
10696835.0,80.0,Normal
10696906.0,80.0,Normal
10696917.0,80.0,Normal
10696924.0,80.0,Normal
10696927.0,80.0,Normal
10697039.0,80.0,Normal
10697078.0,80.0,Normal
10697135.0,80.0,Normal
10697185.0,80.0,Normal
10697187.0,80.0,Normal
10697188.0,80.0,Normal
10697674.0,80.0,Normal
10697716.0,80.0,Normal
10697799.0,80.0,Normal
10697908.0,80.0,Normal
10697913.0,80.0,Normal
10697931.0,80.0,Normal
10698212.0,80.0,Normal
10698738.0,80.0,Normal
10698771.0,80.0,Normal
10698773.0,80.0,Normal
10698780.0,80.0,Normal
10698871.0,80.0,Normal
10698987.0,80.0,Normal
10698998.0,80.0,Normal
10699018.0,80.0,Normal
10699020.0,80.0,Normal
10699120.0,80.0,Normal
10699191.0,80.0,Normal
10699198.0,80.0,Normal
10699273.0,80.0,Normal
10699302.0,80.0,Normal
10699303.0,80.0,Normal
10699592.0,199.55,Normal
10700715.0,80.0,Normal
10700719.0,80.0,Normal
10700842.0,80.0,Normal
10700847.0,80.0,Normal
10700854.0,80.0,Normal
10700891.0,80.0,Normal
10700899.0,80.0,Normal
10700907.0,80.0,Normal
10700918.0,80.0,Normal
10700933.0,80.0,Normal
10700937.0,80.0,Normal
10700975.0,80.0,Normal
10701262.0,80.0,Normal
10702015.0,80.0,Normal
10702465.0,80.0,Normal
10702466.0,80.0,Normal
10702693.0,80.0,Normal
10702735.0,80.0,Normal
10702738.0,80.0,Normal
10702809.0,80.0,Normal
10702811.0,80.0,Normal
10702827.0,80.0,Normal
10702828.0,80.0,Normal
10702843.0,80.0,Normal
10703265.0,80.0,Normal
10703288.0,80.0,Normal
10703291.0,80.0,Normal
10703324.0,80.0,Normal
10703355.0,80.0,Normal
10703356.0,80.0,Normal
10704420.0,150.0,Normal
10704698.0,150.0,Normal
10704890.0,150.0,Normal
10704983.0,150.0,Normal
10705178.0,150.0,Normal
10705224.0,150.0,Normal
10705603.0,230.0,Normal
10705630.0,80.0,Normal
10705706.0,80.0,Normal
10706446.0,80.0,Normal
10707443.0,80.0,Normal
10707444.0,80.0,Normal
10707446.0,80.0,Normal
10707529.0,80.0,Normal
10707545.0,80.0,Normal
10707555.0,80.0,Normal
10707570.0,80.0,Normal
10707573.0,80.0,Normal
10707590.0,80.0,Normal
10709816.0,80.0,Normal
10709817.0,80.0,Normal
10709819.0,80.0,Normal
10709821.0,80.0,Normal
10709955.0,80.0,Normal
10709957.0,80.0,Normal
10709958.0,80.0,Normal
10709962.0,80.0,Normal
10709964.0,80.0,Normal
10709967.0,80.0,Normal
10709982.0,80.0,Normal
10709984.0,80.0,Normal
10709997.0,80.0,Normal
10709999.0,80.0,Normal
10710000.0,80.0,Normal
10710338.0,80.0,Normal
10710340.0,80.0,Normal
10710378.0,80.0,Normal
10710381.0,80.0,Normal
10710382.0,80.0,Normal
10710861.0,80.0,Normal
10710864.0,80.0,Normal
10710869.0,80.0,Normal
10710871.0,80.0,Normal
10710874.0,80.0,Normal
10711195.0,80.0,Normal
10711196.0,80.0,Normal
10711386.0,80.0,Normal
10711389.0,80.0,Normal
10711605.0,80.0,Normal
10711607.0,80.0,Normal
10711609.0,80.0,Normal
10711611.0,80.0,Normal
10711635.0,80.0,Normal
10711639.0,80.0,Normal
10711764.0,80.0,Normal
10712015.0,80.0,Normal
10712062.0,80.0,Normal
10712102.0,80.0,Normal
10712142.0,80.0,Normal
10712143.0,80.0,Normal
10712146.0,80.0,Normal
10712148.0,80.0,Normal
10712156.0,80.0,Normal
10712160.0,80.0,Normal
10712169.0,80.0,Normal
10712248.0,80.0,Normal
10712282.0,80.0,Normal
10712364.0,80.0,Normal
10712378.0,80.0,Normal
10712444.0,80.0,Normal
10712515.0,80.0,Normal
10712529.0,80.0,Normal
10712692.0,80.0,Normal
10712697.0,80.0,Normal
10712974.0,80.0,Normal
10713014.0,80.0,Normal
10713018.0,80.0,Normal
10713092.0,80.0,Normal
10713429.0,80.0,Normal
10713432.0,80.0,Normal
10713442.0,80.0,Normal
10713444.0,80.0,Normal
10713446.0,80.0,Normal
10713461.0,80.0,Normal
10713462.0,80.0,Normal
10713514.0,80.0,Normal
10713515.0,80.0,Normal
10713516.0,80.0,Normal
10713658.0,80.0,Normal
10713659.0,80.0,Normal
10713660.0,80.0,Normal
10713661.0,80.0,Normal
10713662.0,80.0,Normal
10713696.0,130.0,Normal
10713707.0,130.0,Normal
10713941.0,80.0,Normal
10713942.0,80.0,Normal
10713944.0,80.0,Normal
10713951.0,80.0,Normal
10713967.0,80.0,Normal
10713970.0,80.0,Normal
10714007.0,80.0,Normal
10714017.0,80.0,Normal
10714020.0,80.0,Normal
10714059.0,80.0,Normal
10714063.0,80.0,Normal
10714113.0,80.0,Normal
10714116.0,80.0,Normal
10714124.0,80.0,Normal
10714127.0,80.0,Normal
10714182.0,120.0,Normal
10714213.0,80.0,Normal
10714217.0,80.0,Normal
10714226.0,80.0,Normal
10714359.0,80.0,Normal
10714392.0,80.0,Normal
10714407.0,80.0,Normal
10714538.0,80.0,Normal
10714540.0,80.0,Normal
10714637.0,80.0,Normal
10714640.0,80.0,Normal
10714690.0,80.0,Normal
10714904.0,80.0,Normal
10715001.0,80.0,Normal
10715002.0,80.0,Normal
10715043.0,80.0,Normal
10715044.0,80.0,Normal
10715152.0,80.0,Normal
10715643.0,80.0,Normal
10715645.0,80.0,Normal
10715655.0,80.0,Normal
10715660.0,80.0,Normal
10715664.0,80.0,Normal
10716091.0,80.0,Normal
10716116.0,80.0,Normal
10716191.0,80.0,Normal
10716575.0,80.0,Normal
10716578.0,80.0,Normal
10716902.0,80.0,Normal
10716903.0,80.0,Normal
10716920.0,80.0,Normal
10716923.0,80.0,Normal
10716963.0,80.0,Normal
10717219.0,80.0,Normal
10717221.0,80.0,Normal
10717241.0,80.0,Normal
10717319.0,80.0,Normal
10717324.0,80.0,Normal
10717325.0,80.0,Normal
10717380.0,80.0,Normal
10717382.0,80.0,Normal
10717386.0,80.0,Normal
10718464.0,80.0,Normal
10718515.0,80.0,Normal
10718516.0,80.0,Normal
10718517.0,80.0,Normal
10718540.0,80.0,Normal
10718544.0,80.0,Normal
10718546.0,80.0,Normal
10718548.0,80.0,Normal
10718549.0,80.0,Normal
10718867.0,80.0,Normal
10718869.0,80.0,Normal
10718873.0,80.0,Normal
10718874.0,80.0,Normal
10718875.0,80.0,Normal
10718876.0,80.0,Normal
10718899.0,80.0,Normal
10718900.0,80.0,Normal
10718901.0,80.0,Normal
10718902.0,80.0,Normal
10718904.0,80.0,Normal
10718905.0,80.0,Normal
10718917.0,80.0,Normal
10718920.0,80.0,Normal
10718923.0,80.0,Normal
10719827.0,84.0,Normal
10720186.0,80.0,Normal
10720187.0,80.0,Normal
10720288.0,80.0,Normal
10720291.0,80.0,Normal
10720293.0,80.0,Normal
10720323.0,80.0,Normal
10720329.0,80.0,Normal
10720335.0,80.0,Normal
10720337.0,80.0,Normal
10720340.0,80.0,Normal
10720352.0,80.0,Normal
10720595.0,150.0,Normal
10720644.0,190.0,Normal
10720802.0,80.0,Normal
10720826.0,80.0,Normal
10720828.0,80.0,Normal
10720831.0,80.0,Normal
10720832.0,80.0,Normal
10721472.0,80.0,Normal
10721473.0,80.0,Normal
10721474.0,80.0,Normal
10721478.0,80.0,Normal
10721479.0,80.0,Normal
10721480.0,80.0,Normal
10721481.0,80.0,Normal
10721821.0,80.0,Normal
10721823.0,80.0,Normal
10721824.0,80.0,Normal
10721833.0,80.0,Normal
10721835.0,80.0,Normal
10721837.0,80.0,Normal
10721839.0,80.0,Normal
10721842.0,80.0,Normal
10721845.0,80.0,Normal
10721846.0,80.0,Normal
10721850.0,80.0,Normal
10721851.0,80.0,Normal
10721856.0,80.0,Normal
10722052.0,80.0,Normal
10722538.0,80.0,Normal
10722540.0,80.0,Normal
10722541.0,80.0,Normal
10722592.0,80.0,Normal
10722604.0,80.0,Normal
10722623.0,80.0,Normal
10722625.0,80.0,Normal
10722722.0,80.0,Normal
10722782.0,80.0,Normal
10722784.0,80.0,Normal
10722786.0,80.0,Normal
10722798.0,80.0,Normal
10722800.0,80.0,Normal
10722802.0,80.0,Normal
10722803.0,80.0,Normal
10722804.0,80.0,Normal
10722805.0,80.0,Normal
10723028.0,80.0,Normal
10723032.0,80.0,Normal
10723036.0,80.0,Normal
10723037.0,80.0,Normal
10723042.0,80.0,Normal
10723045.0,80.0,Normal
10723064.0,80.0,Normal
10723070.0,80.0,Normal
10723072.0,80.0,Normal
10723101.0,80.0,Normal
10723102.0,80.0,Normal
10723103.0,80.0,Normal
10723105.0,80.0,Normal
10723107.0,80.0,Normal
10723550.0,80.0,Normal
10723595.0,80.0,Normal
10724406.0,80.0,Normal
10724410.0,80.0,Normal
10724423.0,80.0,Normal
10724511.0,80.0,Normal
10724512.0,80.0,Normal
10724513.0,80.0,Normal
10724514.0,80.0,Normal
10724515.0,80.0,Normal
10724523.0,80.0,Normal
10724532.0,80.0,Normal
10724534.0,80.0,Normal
10724537.0,80.0,Normal
10724777.0,80.0,Normal
10724780.0,80.0,Normal
10724956.0,80.0,Normal
10724971.0,80.0,Normal
10725033.0,80.0,Normal
10725035.0,80.0,Normal
10725036.0,80.0,Normal
10725204.0,560.0,Outlier
10725231.0,80.0,Normal
10725369.0,80.0,Normal
10725370.0,80.0,Normal
10725371.0,80.0,Normal
10725372.0,80.0,Normal
10725672.0,80.0,Normal
10725768.0,80.0,Normal
10726027.0,80.0,Normal
10726032.0,80.0,Normal
10726034.0,80.0,Normal
10726175.0,80.0,Normal
10726177.0,80.0,Normal
10726262.0,80.0,Normal
10726264.0,80.0,Normal
10727450.0,80.0,Normal
10727451.0,80.0,Normal
10727485.0,80.0,Normal
10727487.0,80.0,Normal
10727737.0,80.0,Normal
10727738.0,80.0,Normal
10727739.0,80.0,Normal
10727750.0,80.0,Normal
10727839.0,80.0,Normal
10727877.0,80.0,Normal
10728135.0,80.0,Normal
10728136.0,80.0,Normal
10728420.0,80.0,Normal
10728523.0,80.0,Normal
10728775.0,80.0,Normal
10728776.0,80.0,Normal
10728782.0,80.0,Normal
10728787.0,80.0,Normal
10728790.0,80.0,Normal
10729751.0,80.0,Normal
10729797.0,80.0,Normal
10729798.0,80.0,Normal
10729799.0,80.0,Normal
10729800.0,80.0,Normal
10729801.0,80.0,Normal
10729802.0,80.0,Normal
10729804.0,80.0,Normal
10729805.0,80.0,Normal
10729806.0,80.0,Normal
10729807.0,80.0,Normal
10729808.0,80.0,Normal
10729809.0,80.0,Normal
10729810.0,80.0,Normal
10729812.0,80.0,Normal
10729813.0,80.0,Normal
10729998.0,80.0,Normal
10730086.0,80.0,Normal
10730088.0,80.0,Normal
10730130.0,80.0,Normal
10730131.0,80.0,Normal
10730272.0,80.0,Normal
10730273.0,80.0,Normal
10730274.0,80.0,Normal
10730275.0,80.0,Normal
10730276.0,80.0,Normal
10730277.0,80.0,Normal
10730281.0,80.0,Normal
10730283.0,80.0,Normal
10730332.0,80.0,Normal
10730334.0,80.0,Normal
10730348.0,80.0,Normal
10730615.0,80.0,Normal
10730983.0,80.0,Normal
10730984.0,80.0,Normal
10730987.0,80.0,Normal
10731012.0,80.0,Normal
10731016.0,80.0,Normal
10731018.0,80.0,Normal
10731023.0,80.0,Normal
10731044.0,80.0,Normal
10731046.0,80.0,Normal
10731050.0,80.0,Normal
10731051.0,80.0,Normal
10731087.0,80.0,Normal
10731091.0,80.0,Normal
10731093.0,80.0,Normal
10731099.0,80.0,Normal
10731101.0,80.0,Normal
10731233.0,80.0,Normal
10731430.0,80.0,Normal
10731577.0,80.0,Normal
10731598.0,80.0,Normal
10731927.0,80.0,Normal
10731944.0,80.0,Normal
10731946.0,80.0,Normal
10731952.0,80.0,Normal
10731959.0,80.0,Normal
10731960.0,80.0,Normal
10731962.0,80.0,Normal
10732547.0,80.0,Normal
10732554.0,80.0,Normal
10732623.0,80.0,Normal
10732649.0,80.0,Normal
10732654.0,80.0,Normal
10732669.0,80.0,Normal
10732676.0,80.0,Normal
10732677.0,80.0,Normal
10732754.0,80.0,Normal
10734126.0,80.0,Normal
10734177.0,80.0,Normal
10734178.0,80.0,Normal
10734188.0,80.0,Normal
10734192.0,80.0,Normal
10734196.0,80.0,Normal
10734208.0,80.0,Normal
10734229.0,80.0,Normal
10734482.0,80.0,Normal
10734483.0,80.0,Normal
10734487.0,80.0,Normal
10734488.0,80.0,Normal
10734574.0,80.0,Normal
10734576.0,80.0,Normal
10734586.0,80.0,Normal
10734603.0,80.0,Normal
10734604.0,80.0,Normal
10734618.0,110.0,Normal
10734682.0,80.0,Normal
10734894.0,80.0,Normal
10734896.0,80.0,Normal
10735070.0,80.0,Normal
10735071.0,80.0,Normal
10735143.0,80.0,Normal
10735145.0,80.0,Normal
10735405.0,80.0,Normal
10735406.0,80.0,Normal
10735408.0,80.0,Normal
10735412.0,80.0,Normal
10735413.0,80.0,Normal
10735415.0,80.0,Normal
10735426.0,80.0,Normal
10735468.0,80.0,Normal
10735471.0,80.0,Normal
10735685.0,80.0,Normal
10735686.0,80.0,Normal
10735687.0,80.0,Normal
10735689.0,80.0,Normal
10735692.0,80.0,Normal
10735693.0,80.0,Normal
10735718.0,80.0,Normal
10735757.0,80.0,Normal
10735765.0,80.0,Normal
10735789.0,80.0,Normal
10735790.0,80.0,Normal
10735902.0,80.0,Normal
10735904.0,80.0,Normal
10735905.0,1540.0,Outlier
10735909.0,980.0,Outlier
10735926.0,80.0,Normal
10735930.0,80.0,Normal
10735940.0,80.0,Normal
10736428.0,80.0,Normal
10736451.0,80.0,Normal
10736476.0,80.0,Normal
10736477.0,80.0,Normal
10736656.0,80.0,Normal
10736659.0,80.0,Normal
10736665.0,80.0,Normal
10736688.0,80.0,Normal
10736689.0,80.0,Normal
10736701.0,80.0,Normal
10736832.0,80.0,Normal
10736835.0,80.0,Normal
10736861.0,80.0,Normal
10736863.0,80.0,Normal
10736899.0,84.0,Normal
10736935.0,80.0,Normal
10736937.0,80.0,Normal
10736964.0,80.0,Normal
10736967.0,80.0,Normal
10736982.0,80.0,Normal
10736984.0,80.0,Normal
10736985.0,80.0,Normal
10736987.0,80.0,Normal
10737159.0,80.0,Normal
10737161.0,80.0,Normal
10737223.0,80.0,Normal
10737225.0,80.0,Normal
10737227.0,80.0,Normal
10737238.0,80.0,Normal
10737239.0,80.0,Normal
10737414.0,80.0,Normal
10737418.0,80.0,Normal
10737419.0,80.0,Normal
10737523.0,80.0,Normal
10737783.0,80.0,Normal
10737784.0,80.0,Normal
10737786.0,80.0,Normal
10737830.0,80.0,Normal
10737833.0,80.0,Normal
10737941.0,80.0,Normal
10737942.0,80.0,Normal
10737943.0,80.0,Normal
10738422.0,80.0,Normal
10738424.0,80.0,Normal
10738425.0,80.0,Normal
10738490.0,80.0,Normal
10738491.0,80.0,Normal
10738542.0,80.0,Normal
10738545.0,80.0,Normal
10738547.0,80.0,Normal
10738917.0,80.0,Normal
10738925.0,80.0,Normal
10738934.0,80.0,Normal
10738936.0,80.0,Normal
10738985.0,80.0,Normal
10739000.0,80.0,Normal
10739003.0,80.0,Normal
10739007.0,80.0,Normal
10739143.0,80.0,Normal
10739144.0,80.0,Normal
10739145.0,80.0,Normal
10739146.0,80.0,Normal
10739174.0,80.0,Normal
10739175.0,80.0,Normal
10739176.0,80.0,Normal
10739178.0,80.0,Normal
10739714.0,80.0,Normal
10739717.0,80.0,Normal
10739718.0,80.0,Normal
10739795.0,80.0,Normal
10739803.0,80.0,Normal
10739804.0,80.0,Normal
10739955.0,80.0,Normal
10740328.0,80.0,Normal
10740640.0,80.0,Normal
10740641.0,80.0,Normal
10740659.0,80.0,Normal
10740663.0,80.0,Normal
10740743.0,80.0,Normal
10740748.0,80.0,Normal
10740750.0,80.0,Normal
10740753.0,80.0,Normal
10740756.0,80.0,Normal
10740761.0,80.0,Normal
10740762.0,80.0,Normal
10740763.0,80.0,Normal
10740766.0,110.0,Normal
10740772.0,80.0,Normal
10740773.0,80.0,Normal
10740774.0,80.0,Normal
10740775.0,80.0,Normal
10741312.0,80.0,Normal
10741313.0,80.0,Normal
10741314.0,80.0,Normal
10741315.0,80.0,Normal
10741321.0,80.0,Normal
10741328.0,80.0,Normal
10741351.0,80.0,Normal
10741364.0,80.0,Normal
10741422.0,80.0,Normal
10741427.0,80.0,Normal
10741439.0,80.0,Normal
10742126.0,80.0,Normal
10742135.0,80.0,Normal
10742140.0,80.0,Normal
10742730.0,80.0,Normal
10742756.0,80.0,Normal
10742771.0,80.0,Normal
10742858.0,80.0,Normal
10743032.0,80.0,Normal
10743041.0,80.0,Normal
10743047.0,80.0,Normal
10743051.0,80.0,Normal
10743054.0,80.0,Normal
10743060.0,80.0,Normal
10743234.0,80.0,Normal
10743351.0,80.0,Normal
10743447.0,130.0,Normal
10743581.0,80.0,Normal
10743814.0,80.0,Normal
10743815.0,80.0,Normal
10743834.0,80.0,Normal
10743841.0,130.0,Normal
10743843.0,80.0,Normal
10743844.0,80.0,Normal
10743846.0,80.0,Normal
10743847.0,80.0,Normal
10744266.0,90.0,Normal
10744283.0,199.55,Normal
10744284.0,80.0,Normal
10744812.0,80.0,Normal
10744864.0,80.0,Normal
10744968.0,80.0,Normal
10744974.0,80.0,Normal
10744993.0,80.0,Normal
10745008.0,80.0,Normal
10745184.0,80.0,Normal
10745185.0,80.0,Normal
10745186.0,80.0,Normal
10745199.0,80.0,Normal
10745203.0,80.0,Normal
10745205.0,80.0,Normal
10745208.0,80.0,Normal
10745253.0,80.0,Normal
10745258.0,80.0,Normal
10745260.0,80.0,Normal
10745261.0,80.0,Normal
10745264.0,80.0,Normal
10745798.0,80.0,Normal
10745832.0,80.0,Normal
10745834.0,80.0,Normal
10745840.0,80.0,Normal
10745845.0,80.0,Normal
10745854.0,80.0,Normal
10745860.0,80.0,Normal
10746139.0,80.0,Normal
10746216.0,80.0,Normal
10746272.0,80.0,Normal
10746554.0,80.0,Normal
10746618.0,80.0,Normal
10746624.0,80.0,Normal
10746669.0,80.0,Normal
10746671.0,80.0,Normal
10746676.0,80.0,Normal
10746680.0,80.0,Normal
10746685.0,80.0,Normal
10746765.0,80.0,Normal
10746766.0,80.0,Normal
10746769.0,80.0,Normal
10746831.0,80.0,Normal
10746947.0,80.0,Normal
10747027.0,80.0,Normal
10747028.0,80.0,Normal
10747410.0,80.0,Normal
10747412.0,80.0,Normal
10747414.0,80.0,Normal
10747415.0,80.0,Normal
10747445.0,80.0,Normal
10747446.0,80.0,Normal
10747449.0,80.0,Normal
10747451.0,80.0,Normal
10747455.0,80.0,Normal
10747521.0,80.0,Normal
10747826.0,80.0,Normal
10747978.0,80.0,Normal
10748292.0,80.0,Normal
10748816.0,80.0,Normal
10748819.0,80.0,Normal
10748870.0,80.0,Normal
10748872.0,80.0,Normal
10748873.0,80.0,Normal
10748905.0,80.0,Normal
10748908.0,80.0,Normal
10748944.0,80.0,Normal
10748945.0,80.0,Normal
10748948.0,80.0,Normal
10748983.0,80.0,Normal
10748984.0,80.0,Normal
10748985.0,80.0,Normal
10749262.0,80.0,Normal
10749268.0,80.0,Normal
10749279.0,80.0,Normal
10749340.0,80.0,Normal
10749343.0,80.0,Normal
10749600.0,80.0,Normal
10749601.0,80.0,Normal
10750512.0,80.0,Normal
10750570.0,80.0,Normal
10750701.0,80.0,Normal
10750702.0,80.0,Normal
10750706.0,80.0,Normal
10750742.0,80.0,Normal
10750743.0,80.0,Normal
10750748.0,80.0,Normal
10750750.0,80.0,Normal
10751087.0,80.0,Normal
10751088.0,80.0,Normal
10751112.0,80.0,Normal
10751113.0,80.0,Normal
10751115.0,80.0,Normal
10751469.0,80.0,Normal
10751473.0,80.0,Normal
10751477.0,80.0,Normal
10752088.0,80.0,Normal
10752089.0,80.0,Normal
10752621.0,80.0,Normal
10752791.0,80.0,Normal
10752918.0,80.0,Normal
10752926.0,80.0,Normal
10752930.0,80.0,Normal
10752933.0,80.0,Normal
10752936.0,80.0,Normal
10752939.0,80.0,Normal
10753046.0,80.0,Normal
10753050.0,80.0,Normal
10753052.0,80.0,Normal
10753744.0,100.0,Normal
10753776.0,80.0,Normal
10753779.0,80.0,Normal
10753781.0,80.0,Normal
10753782.0,80.0,Normal
10753814.0,80.0,Normal
10753816.0,80.0,Normal
10753819.0,80.0,Normal
10754467.0,80.0,Normal
10754474.0,80.0,Normal
10754817.0,80.0,Normal
10755453.0,80.0,Normal
10755847.0,80.0,Normal
10756080.0,80.0,Normal
10756081.0,80.0,Normal
10756082.0,80.0,Normal
10756165.0,80.0,Normal
10756634.0,80.0,Normal
10756711.0,80.0,Normal
10756761.0,80.0,Normal
10756764.0,80.0,Normal
10756765.0,80.0,Normal
10756819.0,80.0,Normal
10756821.0,80.0,Normal
10756822.0,80.0,Normal
10757355.0,80.0,Normal
10757357.0,80.0,Normal
10757360.0,80.0,Normal
10757420.0,80.0,Normal
10757422.0,80.0,Normal
10757424.0,80.0,Normal
10757441.0,80.0,Normal
10757442.0,80.0,Normal
10757444.0,80.0,Normal
10757457.0,80.0,Normal
10757458.0,80.0,Normal
10757459.0,80.0,Normal
10757544.0,80.0,Normal
10758143.0,120.0,Normal
10758257.0,160.93000000000004,Normal
10758507.0,80.0,Normal
10758508.0,80.0,Normal
10758509.0,80.0,Normal
10758514.0,80.0,Normal
10758518.0,80.0,Normal
10758685.0,80.0,Normal
10758693.0,80.0,Normal
10758784.0,150.0,Normal
10758819.0,150.0,Normal
10758851.0,150.0,Normal
10758933.0,150.0,Normal
10759003.0,80.0,Normal
10759004.0,80.0,Normal
10759337.0,80.0,Normal
10759342.0,80.0,Normal
10759344.0,80.0,Normal
10759388.0,80.0,Normal
10759392.0,80.0,Normal
10759396.0,80.0,Normal
10759421.0,80.0,Normal
10760739.0,80.0,Normal
10761774.0,80.0,Normal
10761775.0,80.0,Normal
10761777.0,80.0,Normal
10762999.0,130.0,Normal
10763008.0,130.0,Normal
10763032.0,130.0,Normal
10763334.0,130.0,Normal
10763501.0,130.0,Normal
10763573.0,130.0,Normal
10764718.0,230.0,Normal
